2025.02.21 11:55:46 INFO  Started: Metals version 1.5.1 in folders '/Users/yongjian.tek/Desktop/language-tutorials' for client Visual Studio Code 1.97.2.
2025.02.21 11:55:47 INFO  Attempting to connect to the build server...
2025.02.21 11:55:47 INFO  Running BSP server List(/Users/yongjian.tek/Library/Application Support/Coursier/bin/.scala-cli.aux, bsp, --json-options, /Users/yongjian.tek/Desktop/language-tutorials/.scala-build/ide-options-v2.json, --json-launcher-options, /Users/yongjian.tek/Desktop/language-tutorials/.scala-build/ide-launcher-options.json, --envs-file, /Users/yongjian.tek/Desktop/language-tutorials/.scala-build/ide-envs.json, /Users/yongjian.tek/Desktop/language-tutorials)
2025.02.21 11:55:47 INFO  tracing is disabled for protocol BSP, to enable tracing of incoming and outgoing JSON messages create an empty file at /Users/yongjian.tek/Desktop/language-tutorials/.metals/bsp.trace.json or /Users/yongjian.tek/Library/Caches/org.scalameta.metals/bsp.trace.json
2025.02.21 11:55:48 INFO  BSP server: Starting compilation server
2025.02.21 11:55:52 INFO  time: Connected to build server in 4.81s
2025.02.21 11:55:52 INFO  Connected to Build server: scala-cli v1.5.4
2025.02.21 11:55:52 INFO  running doctor check
2025.02.21 11:55:52 INFO  java targets: language-tutorials_4b176b44ab, language-tutorials_4b176b44ab-test
2025.02.21 11:55:53 INFO  compiling language-tutorials_4b176b44ab (66 scala sources and 292 java sources)
2025.02.21 11:55:55 INFO  time: indexed workspace in 4.17s
2025.02.21 11:55:59 INFO  time: compiled language-tutorials_4b176b44ab in 6.79s
2025.02.21 11:55:59 INFO  compiling language-tutorials_4b176b44ab (66 scala sources and 292 java sources)
2025.02.21 11:56:03 INFO  time: compiled language-tutorials_4b176b44ab in 3.14s
Feb 21, 2025 11:57:54 AM org.eclipse.lsp4j.jsonrpc.services.GenericEndpoint notify
WARNING: Unsupported notification method: metals/windowStateDidChange
Feb 21, 2025 11:58:02 AM org.eclipse.lsp4j.jsonrpc.services.GenericEndpoint notify
WARNING: Unsupported notification method: metals/windowStateDidChange
Feb 21, 2025 11:58:03 AM org.eclipse.lsp4j.jsonrpc.services.GenericEndpoint notify
WARNING: Unsupported notification method: metals/windowStateDidChange
Feb 21, 2025 11:58:05 AM org.eclipse.lsp4j.jsonrpc.services.GenericEndpoint notify
WARNING: Unsupported notification method: metals/windowStateDidChange
Feb 21, 2025 11:58:09 AM org.eclipse.lsp4j.jsonrpc.services.GenericEndpoint notify
WARNING: Unsupported notification method: metals/windowStateDidChange
Feb 21, 2025 11:58:20 AM org.eclipse.lsp4j.jsonrpc.services.GenericEndpoint notify
WARNING: Unsupported notification method: metals/windowStateDidChange
Feb 21, 2025 11:58:39 AM org.eclipse.lsp4j.jsonrpc.services.GenericEndpoint notify
WARNING: Unsupported notification method: metals/windowStateDidChange
Feb 21, 2025 11:58:40 AM org.eclipse.lsp4j.jsonrpc.services.GenericEndpoint notify
WARNING: Unsupported notification method: metals/windowStateDidChange
Feb 21, 2025 11:58:42 AM org.eclipse.lsp4j.jsonrpc.services.GenericEndpoint notify
WARNING: Unsupported notification method: metals/windowStateDidChange
Feb 21, 2025 11:59:00 AM org.eclipse.lsp4j.jsonrpc.services.GenericEndpoint notify
WARNING: Unsupported notification method: metals/windowStateDidChange
Feb 21, 2025 11:59:01 AM org.eclipse.lsp4j.jsonrpc.services.GenericEndpoint notify
WARNING: Unsupported notification method: metals/windowStateDidChange
Feb 21, 2025 11:59:09 AM org.eclipse.lsp4j.jsonrpc.services.GenericEndpoint notify
WARNING: Unsupported notification method: metals/windowStateDidChange
Feb 21, 2025 11:59:09 AM org.eclipse.lsp4j.jsonrpc.services.GenericEndpoint notify
WARNING: Unsupported notification method: metals/windowStateDidChange
Feb 21, 2025 12:00:00 PM org.eclipse.lsp4j.jsonrpc.services.GenericEndpoint notify
WARNING: Unsupported notification method: metals/windowStateDidChange
Feb 21, 2025 12:03:39 PM org.eclipse.lsp4j.jsonrpc.services.GenericEndpoint notify
WARNING: Unsupported notification method: metals/windowStateDidChange
Feb 21, 2025 12:03:40 PM org.eclipse.lsp4j.jsonrpc.services.GenericEndpoint notify
WARNING: Unsupported notification method: metals/windowStateDidChange
Feb 21, 2025 12:03:41 PM org.eclipse.lsp4j.jsonrpc.services.GenericEndpoint notify
WARNING: Unsupported notification method: metals/windowStateDidChange
Feb 21, 2025 12:04:50 PM org.eclipse.lsp4j.jsonrpc.services.GenericEndpoint notify
WARNING: Unsupported notification method: metals/windowStateDidChange
Feb 21, 2025 12:11:29 PM org.eclipse.lsp4j.jsonrpc.services.GenericEndpoint notify
WARNING: Unsupported notification method: metals/windowStateDidChange
Feb 21, 2025 12:11:30 PM org.eclipse.lsp4j.jsonrpc.services.GenericEndpoint notify
WARNING: Unsupported notification method: metals/windowStateDidChange
Feb 21, 2025 12:11:33 PM org.eclipse.lsp4j.jsonrpc.services.GenericEndpoint notify
WARNING: Unsupported notification method: metals/windowStateDidChange
Feb 21, 2025 12:12:06 PM org.eclipse.lsp4j.jsonrpc.services.GenericEndpoint notify
WARNING: Unsupported notification method: metals/windowStateDidChange
Feb 21, 2025 12:12:28 PM org.eclipse.lsp4j.jsonrpc.services.GenericEndpoint notify
WARNING: Unsupported notification method: metals/windowStateDidChange
Feb 21, 2025 12:12:28 PM org.eclipse.lsp4j.jsonrpc.services.GenericEndpoint notify
WARNING: Unsupported notification method: metals/windowStateDidChange
Feb 21, 2025 12:12:29 PM org.eclipse.lsp4j.jsonrpc.services.GenericEndpoint notify
WARNING: Unsupported notification method: metals/windowStateDidChange
Feb 21, 2025 12:13:10 PM org.eclipse.lsp4j.jsonrpc.services.GenericEndpoint notify
WARNING: Unsupported notification method: metals/windowStateDidChange
Feb 21, 2025 12:21:59 PM org.eclipse.lsp4j.jsonrpc.services.GenericEndpoint notify
WARNING: Unsupported notification method: metals/windowStateDidChange
Feb 21, 2025 12:22:00 PM org.eclipse.lsp4j.jsonrpc.services.GenericEndpoint notify
WARNING: Unsupported notification method: metals/windowStateDidChange
Feb 21, 2025 12:22:00 PM org.eclipse.lsp4j.jsonrpc.services.GenericEndpoint notify
WARNING: Unsupported notification method: metals/windowStateDidChange
Feb 21, 2025 12:22:02 PM org.eclipse.lsp4j.jsonrpc.services.GenericEndpoint notify
WARNING: Unsupported notification method: metals/windowStateDidChange
Feb 21, 2025 12:22:03 PM org.eclipse.lsp4j.jsonrpc.services.GenericEndpoint notify
WARNING: Unsupported notification method: metals/windowStateDidChange
Feb 21, 2025 12:22:10 PM org.eclipse.lsp4j.jsonrpc.services.GenericEndpoint notify
WARNING: Unsupported notification method: metals/windowStateDidChange
Feb 21, 2025 12:22:12 PM org.eclipse.lsp4j.jsonrpc.services.GenericEndpoint notify
WARNING: Unsupported notification method: metals/windowStateDidChange
Feb 21, 2025 12:22:14 PM org.eclipse.lsp4j.jsonrpc.services.GenericEndpoint notify
WARNING: Unsupported notification method: metals/windowStateDidChange
Feb 21, 2025 12:22:17 PM org.eclipse.lsp4j.jsonrpc.services.GenericEndpoint notify
WARNING: Unsupported notification method: metals/windowStateDidChange
Feb 21, 2025 12:22:18 PM org.eclipse.lsp4j.jsonrpc.services.GenericEndpoint notify
WARNING: Unsupported notification method: metals/windowStateDidChange
Feb 21, 2025 12:22:20 PM org.eclipse.lsp4j.jsonrpc.services.GenericEndpoint notify
WARNING: Unsupported notification method: metals/windowStateDidChange
Feb 21, 2025 12:22:22 PM org.eclipse.lsp4j.jsonrpc.services.GenericEndpoint notify
WARNING: Unsupported notification method: metals/windowStateDidChange
Feb 21, 2025 12:22:28 PM org.eclipse.lsp4j.jsonrpc.services.GenericEndpoint notify
WARNING: Unsupported notification method: metals/windowStateDidChange
Feb 21, 2025 12:22:30 PM org.eclipse.lsp4j.jsonrpc.services.GenericEndpoint notify
WARNING: Unsupported notification method: metals/windowStateDidChange
Feb 21, 2025 12:22:31 PM org.eclipse.lsp4j.jsonrpc.services.GenericEndpoint notify
WARNING: Unsupported notification method: metals/windowStateDidChange
Feb 21, 2025 12:22:32 PM org.eclipse.lsp4j.jsonrpc.services.GenericEndpoint notify
WARNING: Unsupported notification method: metals/windowStateDidChange
Feb 21, 2025 12:22:36 PM org.eclipse.lsp4j.jsonrpc.services.GenericEndpoint notify
WARNING: Unsupported notification method: metals/windowStateDidChange
Feb 21, 2025 12:22:37 PM org.eclipse.lsp4j.jsonrpc.services.GenericEndpoint notify
WARNING: Unsupported notification method: metals/windowStateDidChange
Feb 21, 2025 12:22:51 PM org.eclipse.lsp4j.jsonrpc.services.GenericEndpoint notify
WARNING: Unsupported notification method: metals/windowStateDidChange
Feb 21, 2025 12:22:52 PM org.eclipse.lsp4j.jsonrpc.services.GenericEndpoint notify
WARNING: Unsupported notification method: metals/windowStateDidChange
Feb 21, 2025 12:23:10 PM org.eclipse.lsp4j.jsonrpc.services.GenericEndpoint notify
WARNING: Unsupported notification method: metals/windowStateDidChange
Feb 21, 2025 12:24:10 PM org.eclipse.lsp4j.jsonrpc.services.GenericEndpoint notify
WARNING: Unsupported notification method: metals/windowStateDidChange
Feb 21, 2025 12:24:34 PM org.eclipse.lsp4j.jsonrpc.services.GenericEndpoint notify
WARNING: Unsupported notification method: metals/windowStateDidChange
Feb 21, 2025 12:24:35 PM org.eclipse.lsp4j.jsonrpc.services.GenericEndpoint notify
WARNING: Unsupported notification method: metals/windowStateDidChange
2025.02.21 12:25:19 INFO  compiling language-tutorials_4b176b44ab (66 scala sources and 292 java sources)
2025.02.21 12:25:21 INFO  time: compiled language-tutorials_4b176b44ab in 2.31s
2025.02.21 12:26:12 INFO  compiling language-tutorials_4b176b44ab (66 scala sources and 292 java sources)
2025.02.21 12:26:14 INFO  time: compiled language-tutorials_4b176b44ab in 1.67s
2025.02.21 12:26:21 INFO  compiling language-tutorials_4b176b44ab (66 scala sources and 292 java sources)
2025.02.21 12:26:22 INFO  time: compiled language-tutorials_4b176b44ab in 1.54s
2025.02.21 12:26:31 INFO  compiling language-tutorials_4b176b44ab (66 scala sources and 292 java sources)
2025.02.21 12:26:32 INFO  time: compiled language-tutorials_4b176b44ab in 1.34s
2025.02.21 12:26:38 INFO  compiling language-tutorials_4b176b44ab (66 scala sources and 292 java sources)
2025.02.21 12:26:39 INFO  time: compiled language-tutorials_4b176b44ab in 1.3s
2025.02.21 12:26:39 INFO  compiling language-tutorials_4b176b44ab (66 scala sources and 292 java sources)
2025.02.21 12:26:41 INFO  time: compiled language-tutorials_4b176b44ab in 1.34s
2025.02.21 12:26:58 INFO  compiling language-tutorials_4b176b44ab (66 scala sources and 292 java sources)
2025.02.21 12:26:59 INFO  time: compiled language-tutorials_4b176b44ab in 1.36s
Feb 21, 2025 12:27:26 PM org.eclipse.lsp4j.jsonrpc.services.GenericEndpoint notify
WARNING: Unsupported notification method: metals/windowStateDidChange
Feb 21, 2025 12:27:29 PM org.eclipse.lsp4j.jsonrpc.services.GenericEndpoint notify
WARNING: Unsupported notification method: metals/windowStateDidChange
Feb 21, 2025 12:27:30 PM org.eclipse.lsp4j.jsonrpc.services.GenericEndpoint notify
WARNING: Unsupported notification method: metals/windowStateDidChange
Feb 21, 2025 12:27:31 PM org.eclipse.lsp4j.jsonrpc.services.GenericEndpoint notify
WARNING: Unsupported notification method: metals/windowStateDidChange
Feb 21, 2025 12:27:32 PM org.eclipse.lsp4j.jsonrpc.services.GenericEndpoint notify
WARNING: Unsupported notification method: metals/windowStateDidChange
Feb 21, 2025 12:27:51 PM org.eclipse.lsp4j.jsonrpc.services.GenericEndpoint notify
WARNING: Unsupported notification method: metals/windowStateDidChange
2025.02.21 12:27:57 INFO  compiling language-tutorials_4b176b44ab (66 scala sources and 292 java sources)
Feb 21, 2025 12:27:58 PM org.eclipse.lsp4j.jsonrpc.services.GenericEndpoint notify
WARNING: Unsupported notification method: metals/windowStateDidChange
Feb 21, 2025 12:27:58 PM org.eclipse.lsp4j.jsonrpc.services.GenericEndpoint notify
WARNING: Unsupported notification method: metals/windowStateDidChange
2025.02.21 12:27:59 INFO  time: compiled language-tutorials_4b176b44ab in 1.39s
2025.02.21 12:28:15 INFO  compiling language-tutorials_4b176b44ab (66 scala sources and 292 java sources)
2025.02.21 12:28:17 INFO  time: compiled language-tutorials_4b176b44ab in 1.37s
2025.02.21 12:28:17 INFO  compiling language-tutorials_4b176b44ab (66 scala sources and 292 java sources)
2025.02.21 12:28:19 INFO  time: compiled language-tutorials_4b176b44ab in 1.19s
2025.02.21 12:28:26 WARN  Could not find 'Generator' using presentation compiler nor semanticdb. Trying to guess the definition using available information from local class context. 
Feb 21, 2025 12:28:26 PM scala.meta.internal.metals.StdReporter $anonfun$create$1
SEVERE: empty definition using pc, found symbol in pc: `<none>`. (full report at: /Users/yongjian.tek/Desktop/language-tutorials/.metals/.reports/metals-full/2025-02-21/r_empty-definition_(language-tutorials_4b176b44ab)_12-28-26-057.md)
2025.02.21 12:28:38 INFO  compiling language-tutorials_4b176b44ab (66 scala sources and 292 java sources)
2025.02.21 12:28:40 INFO  time: compiled language-tutorials_4b176b44ab in 1.22s
2025.02.21 12:28:48 INFO  compiling language-tutorials_4b176b44ab (66 scala sources and 292 java sources)
2025.02.21 12:28:49 INFO  time: compiled language-tutorials_4b176b44ab in 1.24s
2025.02.21 12:28:52 INFO  compiling language-tutorials_4b176b44ab (66 scala sources and 292 java sources)
2025.02.21 12:28:53 INFO  time: compiled language-tutorials_4b176b44ab in 1.18s
Feb 21, 2025 12:29:15 PM org.eclipse.lsp4j.jsonrpc.services.GenericEndpoint notify
WARNING: Unsupported notification method: metals/windowStateDidChange
Feb 21, 2025 12:30:15 PM org.eclipse.lsp4j.jsonrpc.services.GenericEndpoint notify
WARNING: Unsupported notification method: metals/windowStateDidChange
Feb 21, 2025 12:33:23 PM org.eclipse.lsp4j.jsonrpc.services.GenericEndpoint notify
WARNING: Unsupported notification method: metals/windowStateDidChange
Feb 21, 2025 12:33:25 PM org.eclipse.lsp4j.jsonrpc.services.GenericEndpoint notify
WARNING: Unsupported notification method: metals/windowStateDidChange
Feb 21, 2025 12:33:32 PM org.eclipse.lsp4j.jsonrpc.services.GenericEndpoint notify
WARNING: Unsupported notification method: metals/windowStateDidChange
Feb 21, 2025 12:33:33 PM org.eclipse.lsp4j.jsonrpc.services.GenericEndpoint notify
WARNING: Unsupported notification method: metals/windowStateDidChange
Feb 21, 2025 12:33:35 PM org.eclipse.lsp4j.jsonrpc.services.GenericEndpoint notify
WARNING: Unsupported notification method: metals/windowStateDidChange
Feb 21, 2025 12:34:35 PM org.eclipse.lsp4j.jsonrpc.services.GenericEndpoint notify
WARNING: Unsupported notification method: metals/windowStateDidChange
Feb 21, 2025 12:35:31 PM org.eclipse.lsp4j.jsonrpc.services.GenericEndpoint notify
WARNING: Unsupported notification method: metals/windowStateDidChange
Feb 21, 2025 12:35:33 PM org.eclipse.lsp4j.jsonrpc.services.GenericEndpoint notify
WARNING: Unsupported notification method: metals/windowStateDidChange
Feb 21, 2025 12:35:34 PM org.eclipse.lsp4j.jsonrpc.services.GenericEndpoint notify
WARNING: Unsupported notification method: metals/windowStateDidChange
Feb 21, 2025 12:36:12 PM org.eclipse.lsp4j.jsonrpc.services.GenericEndpoint notify
WARNING: Unsupported notification method: metals/windowStateDidChange
Feb 21, 2025 12:36:32 PM org.eclipse.lsp4j.jsonrpc.services.GenericEndpoint notify
WARNING: Unsupported notification method: metals/windowStateDidChange
Feb 21, 2025 12:36:32 PM org.eclipse.lsp4j.jsonrpc.services.GenericEndpoint notify
WARNING: Unsupported notification method: metals/windowStateDidChange
Feb 21, 2025 12:36:34 PM org.eclipse.lsp4j.jsonrpc.services.GenericEndpoint notify
WARNING: Unsupported notification method: metals/windowStateDidChange
Feb 21, 2025 12:36:36 PM org.eclipse.lsp4j.jsonrpc.services.GenericEndpoint notify
WARNING: Unsupported notification method: metals/windowStateDidChange
Feb 21, 2025 12:37:14 PM scala.meta.internal.metals.StdReporter $anonfun$create$1
SEVERE: empty definition using pc, found symbol in pc: mod1_slides4/ (full report at: /Users/yongjian.tek/Desktop/language-tutorials/.metals/.reports/metals-full/2025-02-21/r_empty-definition_(language-tutorials_4b176b44ab)_10-55-01-721.md)
Feb 21, 2025 12:37:14 PM scala.meta.internal.metals.StdReporter $anonfun$create$1
SEVERE: empty definition using pc, found symbol in pc: mod1_slides4/ (full report at: /Users/yongjian.tek/Desktop/language-tutorials/.metals/.reports/metals-full/2025-02-21/r_empty-definition_(language-tutorials_4b176b44ab)_10-55-01-721.md)
Feb 21, 2025 12:37:14 PM scala.meta.internal.metals.StdReporter $anonfun$create$1
SEVERE: empty definition using pc, found symbol in pc: mod1_slides4/ (full report at: /Users/yongjian.tek/Desktop/language-tutorials/.metals/.reports/metals-full/2025-02-21/r_empty-definition_(language-tutorials_4b176b44ab)_10-55-01-721.md)
2025.02.21 12:37:36 INFO  compiling language-tutorials_4b176b44ab (66 scala sources and 292 java sources)
2025.02.21 12:37:37 INFO  time: compiled language-tutorials_4b176b44ab in 1.31s
Feb 21, 2025 12:37:49 PM org.eclipse.lsp4j.jsonrpc.services.GenericEndpoint notify
WARNING: Unsupported notification method: metals/windowStateDidChange
Feb 21, 2025 12:37:50 PM org.eclipse.lsp4j.jsonrpc.services.GenericEndpoint notify
WARNING: Unsupported notification method: metals/windowStateDidChange
Feb 21, 2025 12:39:34 PM scala.meta.internal.metals.StdReporter $anonfun$create$1
SEVERE: empty definition using pc, found symbol in pc: mod1_slides4/ (full report at: /Users/yongjian.tek/Desktop/language-tutorials/.metals/.reports/metals-full/2025-02-21/r_empty-definition_(language-tutorials_4b176b44ab)_10-55-01-721.md)
Feb 21, 2025 12:39:56 PM org.eclipse.lsp4j.jsonrpc.services.GenericEndpoint notify
WARNING: Unsupported notification method: metals/windowStateDidChange
Feb 21, 2025 12:39:57 PM org.eclipse.lsp4j.jsonrpc.services.GenericEndpoint notify
WARNING: Unsupported notification method: metals/windowStateDidChange
Feb 21, 2025 12:40:04 PM org.eclipse.lsp4j.jsonrpc.services.GenericEndpoint notify
WARNING: Unsupported notification method: metals/windowStateDidChange
Feb 21, 2025 12:40:10 PM org.eclipse.lsp4j.jsonrpc.services.GenericEndpoint notify
WARNING: Unsupported notification method: metals/windowStateDidChange
Feb 21, 2025 12:40:14 PM org.eclipse.lsp4j.jsonrpc.services.GenericEndpoint notify
WARNING: Unsupported notification method: metals/windowStateDidChange
Feb 21, 2025 12:40:15 PM org.eclipse.lsp4j.jsonrpc.services.GenericEndpoint notify
WARNING: Unsupported notification method: metals/windowStateDidChange
Feb 21, 2025 12:40:27 PM org.eclipse.lsp4j.jsonrpc.services.GenericEndpoint notify
WARNING: Unsupported notification method: metals/windowStateDidChange
Feb 21, 2025 12:40:28 PM org.eclipse.lsp4j.jsonrpc.services.GenericEndpoint notify
WARNING: Unsupported notification method: metals/windowStateDidChange
Feb 21, 2025 12:40:37 PM org.eclipse.lsp4j.jsonrpc.services.GenericEndpoint notify
WARNING: Unsupported notification method: metals/windowStateDidChange
Feb 21, 2025 12:40:58 PM org.eclipse.lsp4j.jsonrpc.services.GenericEndpoint notify
WARNING: Unsupported notification method: metals/windowStateDidChange
Feb 21, 2025 12:41:03 PM org.eclipse.lsp4j.jsonrpc.services.GenericEndpoint notify
WARNING: Unsupported notification method: metals/windowStateDidChange
Feb 21, 2025 12:41:43 PM org.eclipse.lsp4j.jsonrpc.services.GenericEndpoint notify
WARNING: Unsupported notification method: metals/windowStateDidChange
Feb 21, 2025 12:43:24 PM org.eclipse.lsp4j.jsonrpc.services.GenericEndpoint notify
WARNING: Unsupported notification method: metals/windowStateDidChange
Feb 21, 2025 12:43:25 PM org.eclipse.lsp4j.jsonrpc.services.GenericEndpoint notify
WARNING: Unsupported notification method: metals/windowStateDidChange
Feb 21, 2025 12:43:26 PM org.eclipse.lsp4j.jsonrpc.services.GenericEndpoint notify
WARNING: Unsupported notification method: metals/windowStateDidChange
Feb 21, 2025 12:43:36 PM org.eclipse.lsp4j.jsonrpc.services.GenericEndpoint notify
WARNING: Unsupported notification method: metals/windowStateDidChange
Feb 21, 2025 12:43:53 PM org.eclipse.lsp4j.jsonrpc.services.GenericEndpoint notify
WARNING: Unsupported notification method: metals/windowStateDidChange
Feb 21, 2025 12:44:15 PM org.eclipse.lsp4j.jsonrpc.services.GenericEndpoint notify
WARNING: Unsupported notification method: metals/windowStateDidChange
Feb 21, 2025 12:44:18 PM org.eclipse.lsp4j.jsonrpc.services.GenericEndpoint notify
WARNING: Unsupported notification method: metals/windowStateDidChange
Feb 21, 2025 12:44:21 PM org.eclipse.lsp4j.jsonrpc.services.GenericEndpoint notify
WARNING: Unsupported notification method: metals/windowStateDidChange
Feb 21, 2025 12:44:22 PM org.eclipse.lsp4j.jsonrpc.services.GenericEndpoint notify
WARNING: Unsupported notification method: metals/windowStateDidChange
Feb 21, 2025 12:45:05 PM org.eclipse.lsp4j.jsonrpc.services.GenericEndpoint notify
WARNING: Unsupported notification method: metals/windowStateDidChange
Feb 21, 2025 12:47:28 PM org.eclipse.lsp4j.jsonrpc.services.GenericEndpoint notify
WARNING: Unsupported notification method: metals/windowStateDidChange
Feb 21, 2025 12:47:30 PM org.eclipse.lsp4j.jsonrpc.services.GenericEndpoint notify
WARNING: Unsupported notification method: metals/windowStateDidChange
Feb 21, 2025 12:48:25 PM org.eclipse.lsp4j.jsonrpc.services.GenericEndpoint notify
WARNING: Unsupported notification method: metals/windowStateDidChange
Feb 21, 2025 12:49:10 PM org.eclipse.lsp4j.jsonrpc.services.GenericEndpoint notify
WARNING: Unsupported notification method: metals/windowStateDidChange
Feb 21, 2025 12:52:41 PM org.eclipse.lsp4j.jsonrpc.services.GenericEndpoint notify
WARNING: Unsupported notification method: metals/windowStateDidChange
Feb 21, 2025 12:52:42 PM org.eclipse.lsp4j.jsonrpc.services.GenericEndpoint notify
WARNING: Unsupported notification method: metals/windowStateDidChange
Feb 21, 2025 12:54:22 PM org.eclipse.lsp4j.jsonrpc.services.GenericEndpoint notify
WARNING: Unsupported notification method: metals/windowStateDidChange
Feb 21, 2025 12:54:25 PM org.eclipse.lsp4j.jsonrpc.services.GenericEndpoint notify
WARNING: Unsupported notification method: metals/windowStateDidChange
Feb 21, 2025 12:54:25 PM org.eclipse.lsp4j.jsonrpc.services.GenericEndpoint notify
WARNING: Unsupported notification method: metals/windowStateDidChange
Feb 21, 2025 12:54:27 PM org.eclipse.lsp4j.jsonrpc.services.GenericEndpoint notify
WARNING: Unsupported notification method: metals/windowStateDidChange
Feb 21, 2025 12:54:40 PM org.eclipse.lsp4j.jsonrpc.services.GenericEndpoint notify
WARNING: Unsupported notification method: metals/windowStateDidChange
Feb 21, 2025 12:54:44 PM org.eclipse.lsp4j.jsonrpc.services.GenericEndpoint notify
WARNING: Unsupported notification method: metals/windowStateDidChange
Feb 21, 2025 12:55:36 PM org.eclipse.lsp4j.jsonrpc.services.GenericEndpoint notify
WARNING: Unsupported notification method: metals/windowStateDidChange
Feb 21, 2025 12:55:42 PM org.eclipse.lsp4j.jsonrpc.services.GenericEndpoint notify
WARNING: Unsupported notification method: metals/windowStateDidChange
Feb 21, 2025 12:57:07 PM org.eclipse.lsp4j.jsonrpc.services.GenericEndpoint notify
WARNING: Unsupported notification method: metals/windowStateDidChange
Feb 21, 2025 12:58:05 PM org.eclipse.lsp4j.jsonrpc.services.GenericEndpoint notify
WARNING: Unsupported notification method: metals/windowStateDidChange
Feb 21, 2025 1:00:16 PM org.eclipse.lsp4j.jsonrpc.services.GenericEndpoint notify
WARNING: Unsupported notification method: metals/windowStateDidChange
Feb 21, 2025 1:00:18 PM org.eclipse.lsp4j.jsonrpc.services.GenericEndpoint notify
WARNING: Unsupported notification method: metals/windowStateDidChange
Feb 21, 2025 1:00:18 PM org.eclipse.lsp4j.jsonrpc.services.GenericEndpoint notify
WARNING: Unsupported notification method: metals/windowStateDidChange
Feb 21, 2025 1:00:24 PM org.eclipse.lsp4j.jsonrpc.services.GenericEndpoint notify
WARNING: Unsupported notification method: metals/windowStateDidChange
Feb 21, 2025 1:00:25 PM org.eclipse.lsp4j.jsonrpc.services.GenericEndpoint notify
WARNING: Unsupported notification method: metals/windowStateDidChange
Feb 21, 2025 1:00:27 PM org.eclipse.lsp4j.jsonrpc.services.GenericEndpoint notify
WARNING: Unsupported notification method: metals/windowStateDidChange
Feb 21, 2025 1:00:28 PM org.eclipse.lsp4j.jsonrpc.services.GenericEndpoint notify
WARNING: Unsupported notification method: metals/windowStateDidChange
Feb 21, 2025 1:00:29 PM org.eclipse.lsp4j.jsonrpc.services.GenericEndpoint notify
WARNING: Unsupported notification method: metals/windowStateDidChange
Feb 21, 2025 1:00:36 PM org.eclipse.lsp4j.jsonrpc.services.GenericEndpoint notify
WARNING: Unsupported notification method: metals/windowStateDidChange
Feb 21, 2025 1:00:37 PM org.eclipse.lsp4j.jsonrpc.services.GenericEndpoint notify
WARNING: Unsupported notification method: metals/windowStateDidChange
Feb 21, 2025 1:00:42 PM org.eclipse.lsp4j.jsonrpc.services.GenericEndpoint notify
WARNING: Unsupported notification method: metals/windowStateDidChange
Feb 21, 2025 1:00:43 PM org.eclipse.lsp4j.jsonrpc.services.GenericEndpoint notify
WARNING: Unsupported notification method: metals/windowStateDidChange
Feb 21, 2025 1:00:50 PM org.eclipse.lsp4j.jsonrpc.services.GenericEndpoint notify
WARNING: Unsupported notification method: metals/windowStateDidChange
Feb 21, 2025 1:00:59 PM org.eclipse.lsp4j.jsonrpc.services.GenericEndpoint notify
WARNING: Unsupported notification method: metals/windowStateDidChange
Feb 21, 2025 1:01:01 PM org.eclipse.lsp4j.jsonrpc.services.GenericEndpoint notify
WARNING: Unsupported notification method: metals/windowStateDidChange
Feb 21, 2025 1:01:03 PM org.eclipse.lsp4j.jsonrpc.services.GenericEndpoint notify
WARNING: Unsupported notification method: metals/windowStateDidChange
Feb 21, 2025 1:01:11 PM org.eclipse.lsp4j.jsonrpc.services.GenericEndpoint notify
WARNING: Unsupported notification method: metals/windowStateDidChange
Feb 21, 2025 1:01:13 PM org.eclipse.lsp4j.jsonrpc.services.GenericEndpoint notify
WARNING: Unsupported notification method: metals/windowStateDidChange
Feb 21, 2025 1:01:25 PM org.eclipse.lsp4j.jsonrpc.services.GenericEndpoint notify
WARNING: Unsupported notification method: metals/windowStateDidChange
Feb 21, 2025 1:01:27 PM org.eclipse.lsp4j.jsonrpc.services.GenericEndpoint notify
WARNING: Unsupported notification method: metals/windowStateDidChange
Feb 21, 2025 1:01:32 PM org.eclipse.lsp4j.jsonrpc.services.GenericEndpoint notify
WARNING: Unsupported notification method: metals/windowStateDidChange
Feb 21, 2025 1:01:34 PM org.eclipse.lsp4j.jsonrpc.services.GenericEndpoint notify
WARNING: Unsupported notification method: metals/windowStateDidChange
Feb 21, 2025 1:01:41 PM org.eclipse.lsp4j.jsonrpc.services.GenericEndpoint notify
WARNING: Unsupported notification method: metals/windowStateDidChange
Feb 21, 2025 1:01:44 PM org.eclipse.lsp4j.jsonrpc.services.GenericEndpoint notify
WARNING: Unsupported notification method: metals/windowStateDidChange
Feb 21, 2025 1:01:56 PM org.eclipse.lsp4j.jsonrpc.services.GenericEndpoint notify
WARNING: Unsupported notification method: metals/windowStateDidChange
Feb 21, 2025 1:02:32 PM org.eclipse.lsp4j.jsonrpc.services.GenericEndpoint notify
WARNING: Unsupported notification method: metals/windowStateDidChange
Feb 21, 2025 1:02:58 PM org.eclipse.lsp4j.jsonrpc.services.GenericEndpoint notify
WARNING: Unsupported notification method: metals/windowStateDidChange
Feb 21, 2025 1:03:01 PM org.eclipse.lsp4j.jsonrpc.services.GenericEndpoint notify
WARNING: Unsupported notification method: metals/windowStateDidChange
Feb 21, 2025 1:03:02 PM org.eclipse.lsp4j.jsonrpc.services.GenericEndpoint notify
WARNING: Unsupported notification method: metals/windowStateDidChange
Feb 21, 2025 1:03:03 PM org.eclipse.lsp4j.jsonrpc.services.GenericEndpoint notify
WARNING: Unsupported notification method: metals/windowStateDidChange
Feb 21, 2025 1:04:00 PM org.eclipse.lsp4j.jsonrpc.services.GenericEndpoint notify
WARNING: Unsupported notification method: metals/windowStateDidChange
Feb 21, 2025 1:04:01 PM org.eclipse.lsp4j.jsonrpc.services.GenericEndpoint notify
WARNING: Unsupported notification method: metals/windowStateDidChange
Feb 21, 2025 1:04:02 PM org.eclipse.lsp4j.jsonrpc.services.GenericEndpoint notify
WARNING: Unsupported notification method: metals/windowStateDidChange
Feb 21, 2025 1:04:17 PM org.eclipse.lsp4j.jsonrpc.services.GenericEndpoint notify
WARNING: Unsupported notification method: metals/windowStateDidChange
Feb 21, 2025 1:04:19 PM org.eclipse.lsp4j.jsonrpc.services.GenericEndpoint notify
WARNING: Unsupported notification method: metals/windowStateDidChange
Feb 21, 2025 1:04:21 PM org.eclipse.lsp4j.jsonrpc.services.GenericEndpoint notify
WARNING: Unsupported notification method: metals/windowStateDidChange
Feb 21, 2025 1:04:23 PM org.eclipse.lsp4j.jsonrpc.services.GenericEndpoint notify
WARNING: Unsupported notification method: metals/windowStateDidChange
Feb 21, 2025 1:04:38 PM org.eclipse.lsp4j.jsonrpc.services.GenericEndpoint notify
WARNING: Unsupported notification method: metals/windowStateDidChange
Feb 21, 2025 1:04:39 PM org.eclipse.lsp4j.jsonrpc.services.GenericEndpoint notify
WARNING: Unsupported notification method: metals/windowStateDidChange
Feb 21, 2025 1:04:43 PM org.eclipse.lsp4j.jsonrpc.services.GenericEndpoint notify
WARNING: Unsupported notification method: metals/windowStateDidChange
2025.02.21 13:05:45 INFO  compiling language-tutorials_4b176b44ab (66 scala sources and 292 java sources)
2025.02.21 13:05:47 INFO  time: compiled language-tutorials_4b176b44ab in 1.39s
2025.02.21 13:05:56 INFO  compiling language-tutorials_4b176b44ab (66 scala sources and 292 java sources)
2025.02.21 13:05:57 INFO  time: compiled language-tutorials_4b176b44ab in 1.29s
2025.02.21 13:06:02 INFO  compiling language-tutorials_4b176b44ab (66 scala sources and 292 java sources)
2025.02.21 13:06:04 INFO  time: compiled language-tutorials_4b176b44ab in 1.32s
Feb 21, 2025 1:06:15 PM scala.meta.internal.metals.StdReporter $anonfun$create$1
SEVERE: empty definition using pc, found symbol in pc: mod1_slides4/ (full report at: /Users/yongjian.tek/Desktop/language-tutorials/.metals/.reports/metals-full/2025-02-21/r_empty-definition_(language-tutorials_4b176b44ab)_10-55-01-721.md)
2025.02.21 13:06:16 INFO  compiling language-tutorials_4b176b44ab (66 scala sources and 292 java sources)
2025.02.21 13:06:17 INFO  time: compiled language-tutorials_4b176b44ab in 1.22s
2025.02.21 13:06:22 INFO  compiling language-tutorials_4b176b44ab (66 scala sources and 292 java sources)
2025.02.21 13:06:23 INFO  time: compiled language-tutorials_4b176b44ab in 1.17s
Feb 21, 2025 1:06:25 PM scala.meta.internal.metals.StdReporter $anonfun$create$1
SEVERE: empty definition using pc, found symbol in pc: `<none>`. (full report at: /Users/yongjian.tek/Desktop/language-tutorials/.metals/.reports/metals-full/2025-02-21/r_empty-definition_(language-tutorials_4b176b44ab)_12-28-26-057.md)
2025.02.21 13:06:30 INFO  compiling language-tutorials_4b176b44ab (66 scala sources and 292 java sources)
Feb 21, 2025 1:06:30 PM scala.meta.internal.metals.StdReporter $anonfun$create$1
SEVERE: empty definition using pc, found symbol in pc: mod1_slides4/ (full report at: /Users/yongjian.tek/Desktop/language-tutorials/.metals/.reports/metals-full/2025-02-21/r_empty-definition_(language-tutorials_4b176b44ab)_10-55-01-721.md)
Feb 21, 2025 1:06:30 PM scala.meta.internal.metals.StdReporter $anonfun$create$1
SEVERE: empty definition using pc, found symbol in pc: `<none>`. (full report at: /Users/yongjian.tek/Desktop/language-tutorials/.metals/.reports/metals-full/2025-02-21/r_empty-definition_(language-tutorials_4b176b44ab)_12-28-26-057.md)
2025.02.21 13:06:31 INFO  time: compiled language-tutorials_4b176b44ab in 1.19s
Feb 21, 2025 1:06:31 PM scala.meta.internal.metals.StdReporter $anonfun$create$1
SEVERE: empty definition using pc, found symbol in pc: `<none>`. (full report at: /Users/yongjian.tek/Desktop/language-tutorials/.metals/.reports/metals-full/2025-02-21/r_empty-definition_(language-tutorials_4b176b44ab)_12-28-26-057.md)
Feb 21, 2025 1:06:32 PM scala.meta.internal.metals.StdReporter $anonfun$create$1
SEVERE: empty definition using pc, found symbol in pc: `<none>`. (full report at: /Users/yongjian.tek/Desktop/language-tutorials/.metals/.reports/metals-full/2025-02-21/r_empty-definition_(language-tutorials_4b176b44ab)_12-28-26-057.md)
Feb 21, 2025 1:06:32 PM scala.meta.internal.metals.StdReporter $anonfun$create$1
SEVERE: empty definition using pc, found symbol in pc: generate. (full report at: /Users/yongjian.tek/Desktop/language-tutorials/.metals/.reports/metals-full/2025-02-21/r_empty-definition_(language-tutorials_4b176b44ab)_13-06-32-346.md)
2025.02.21 13:06:33 INFO  compiling language-tutorials_4b176b44ab (66 scala sources and 292 java sources)
2025.02.21 13:06:34 INFO  time: compiled language-tutorials_4b176b44ab in 1.17s
Feb 21, 2025 1:06:39 PM org.eclipse.lsp4j.jsonrpc.services.GenericEndpoint notify
WARNING: Unsupported notification method: metals/windowStateDidChange
Feb 21, 2025 1:06:48 PM org.eclipse.lsp4j.jsonrpc.services.GenericEndpoint notify
WARNING: Unsupported notification method: metals/windowStateDidChange
2025.02.21 13:07:08 INFO  compiling language-tutorials_4b176b44ab (66 scala sources and 292 java sources)
2025.02.21 13:07:10 INFO  time: compiled language-tutorials_4b176b44ab in 1.26s
2025.02.21 13:07:18 INFO  compiling language-tutorials_4b176b44ab (66 scala sources and 292 java sources)
2025.02.21 13:07:19 INFO  time: compiled language-tutorials_4b176b44ab in 1.24s
2025.02.21 13:07:31 INFO  compiling language-tutorials_4b176b44ab (66 scala sources and 292 java sources)
2025.02.21 13:07:33 INFO  time: compiled language-tutorials_4b176b44ab in 1.24s
2025.02.21 13:07:33 INFO  compiling language-tutorials_4b176b44ab (66 scala sources and 292 java sources)
2025.02.21 13:07:34 INFO  time: compiled language-tutorials_4b176b44ab in 1.28s
2025.02.21 13:07:37 INFO  compiling language-tutorials_4b176b44ab (66 scala sources and 292 java sources)
2025.02.21 13:07:39 INFO  time: compiled language-tutorials_4b176b44ab in 1.25s
2025.02.21 13:07:48 INFO  compiling language-tutorials_4b176b44ab (66 scala sources and 292 java sources)
2025.02.21 13:07:50 INFO  time: compiled language-tutorials_4b176b44ab in 1.26s
2025.02.21 13:07:52 INFO  compiling language-tutorials_4b176b44ab (66 scala sources and 292 java sources)
2025.02.21 13:07:54 INFO  time: compiled language-tutorials_4b176b44ab in 1.19s
2025.02.21 13:08:08 INFO  compiling language-tutorials_4b176b44ab (66 scala sources and 292 java sources)
2025.02.21 13:08:09 INFO  time: compiled language-tutorials_4b176b44ab in 1.18s
Feb 21, 2025 1:08:14 PM org.eclipse.lsp4j.jsonrpc.RemoteEndpoint handleCancellation
WARNING: Unmatched cancel notification for request id 1509
2025.02.21 13:08:18 INFO  compiling language-tutorials_4b176b44ab (66 scala sources and 292 java sources)
2025.02.21 13:08:20 INFO  time: compiled language-tutorials_4b176b44ab in 1.23s
Feb 21, 2025 1:08:22 PM org.eclipse.lsp4j.jsonrpc.services.GenericEndpoint notify
WARNING: Unsupported notification method: metals/windowStateDidChange
Feb 21, 2025 1:08:23 PM org.eclipse.lsp4j.jsonrpc.services.GenericEndpoint notify
WARNING: Unsupported notification method: metals/windowStateDidChange
Feb 21, 2025 1:08:24 PM org.eclipse.lsp4j.jsonrpc.services.GenericEndpoint notify
WARNING: Unsupported notification method: metals/windowStateDidChange
Feb 21, 2025 1:09:11 PM org.eclipse.lsp4j.jsonrpc.services.GenericEndpoint notify
WARNING: Unsupported notification method: metals/windowStateDidChange
Feb 21, 2025 1:29:02 PM org.eclipse.lsp4j.jsonrpc.services.GenericEndpoint notify
WARNING: Unsupported notification method: metals/windowStateDidChange
Feb 21, 2025 1:29:03 PM org.eclipse.lsp4j.jsonrpc.services.GenericEndpoint notify
WARNING: Unsupported notification method: metals/windowStateDidChange
Feb 21, 2025 1:29:30 PM scala.meta.internal.metals.StdReporter $anonfun$create$1
SEVERE: empty definition using pc, found symbol in pc: mod1_slides4/ (full report at: /Users/yongjian.tek/Desktop/language-tutorials/.metals/.reports/metals-full/2025-02-21/r_empty-definition_(language-tutorials_4b176b44ab)_10-55-01-721.md)
Feb 21, 2025 1:29:44 PM org.eclipse.lsp4j.jsonrpc.services.GenericEndpoint notify
WARNING: Unsupported notification method: metals/windowStateDidChange
Feb 21, 2025 1:29:45 PM org.eclipse.lsp4j.jsonrpc.services.GenericEndpoint notify
WARNING: Unsupported notification method: metals/windowStateDidChange
Feb 21, 2025 1:29:45 PM org.eclipse.lsp4j.jsonrpc.services.GenericEndpoint notify
WARNING: Unsupported notification method: metals/windowStateDidChange
Feb 21, 2025 1:30:01 PM org.eclipse.lsp4j.jsonrpc.services.GenericEndpoint notify
WARNING: Unsupported notification method: metals/windowStateDidChange
Feb 21, 2025 1:31:02 PM org.eclipse.lsp4j.jsonrpc.services.GenericEndpoint notify
WARNING: Unsupported notification method: metals/windowStateDidChange
Feb 21, 2025 1:31:04 PM org.eclipse.lsp4j.jsonrpc.services.GenericEndpoint notify
WARNING: Unsupported notification method: metals/windowStateDidChange
Feb 21, 2025 1:31:24 PM org.eclipse.lsp4j.jsonrpc.services.GenericEndpoint notify
WARNING: Unsupported notification method: metals/windowStateDidChange
Feb 21, 2025 1:31:24 PM org.eclipse.lsp4j.jsonrpc.services.GenericEndpoint notify
WARNING: Unsupported notification method: metals/windowStateDidChange
Feb 21, 2025 1:31:27 PM org.eclipse.lsp4j.jsonrpc.services.GenericEndpoint notify
WARNING: Unsupported notification method: metals/windowStateDidChange
Feb 21, 2025 1:31:28 PM org.eclipse.lsp4j.jsonrpc.services.GenericEndpoint notify
WARNING: Unsupported notification method: metals/windowStateDidChange
Feb 21, 2025 1:32:02 PM org.eclipse.lsp4j.jsonrpc.services.GenericEndpoint notify
WARNING: Unsupported notification method: metals/windowStateDidChange
Feb 21, 2025 1:32:03 PM org.eclipse.lsp4j.jsonrpc.services.GenericEndpoint notify
WARNING: Unsupported notification method: metals/windowStateDidChange
Feb 21, 2025 1:32:52 PM org.eclipse.lsp4j.jsonrpc.services.GenericEndpoint notify
WARNING: Unsupported notification method: metals/windowStateDidChange
Feb 21, 2025 1:33:03 PM org.eclipse.lsp4j.jsonrpc.services.GenericEndpoint notify
WARNING: Unsupported notification method: metals/windowStateDidChange
Feb 21, 2025 1:33:06 PM org.eclipse.lsp4j.jsonrpc.services.GenericEndpoint notify
WARNING: Unsupported notification method: metals/windowStateDidChange
Feb 21, 2025 1:34:15 PM org.eclipse.lsp4j.jsonrpc.services.GenericEndpoint notify
WARNING: Unsupported notification method: metals/windowStateDidChange
Feb 21, 2025 1:44:04 PM org.eclipse.lsp4j.jsonrpc.services.GenericEndpoint notify
WARNING: Unsupported notification method: metals/windowStateDidChange
Feb 21, 2025 1:44:14 PM org.eclipse.lsp4j.jsonrpc.services.GenericEndpoint notify
WARNING: Unsupported notification method: metals/windowStateDidChange
Feb 21, 2025 1:44:15 PM org.eclipse.lsp4j.jsonrpc.services.GenericEndpoint notify
WARNING: Unsupported notification method: metals/windowStateDidChange
Feb 21, 2025 1:44:19 PM org.eclipse.lsp4j.jsonrpc.services.GenericEndpoint notify
WARNING: Unsupported notification method: metals/windowStateDidChange
Feb 21, 2025 1:44:28 PM org.eclipse.lsp4j.jsonrpc.services.GenericEndpoint notify
WARNING: Unsupported notification method: metals/windowStateDidChange
Feb 21, 2025 1:45:24 PM org.eclipse.lsp4j.jsonrpc.services.GenericEndpoint notify
WARNING: Unsupported notification method: metals/windowStateDidChange
Feb 21, 2025 1:57:43 PM org.eclipse.lsp4j.jsonrpc.services.GenericEndpoint notify
WARNING: Unsupported notification method: metals/windowStateDidChange
Feb 21, 2025 1:57:47 PM org.eclipse.lsp4j.jsonrpc.services.GenericEndpoint notify
WARNING: Unsupported notification method: metals/windowStateDidChange
2025.02.21 13:58:05 INFO  compiling language-tutorials_4b176b44ab (66 scala sources and 292 java sources)
Feb 21, 2025 1:58:05 PM org.eclipse.lsp4j.jsonrpc.services.GenericEndpoint notify
WARNING: Unsupported notification method: metals/windowStateDidChange
2025.02.21 13:58:06 INFO  time: compiled language-tutorials_4b176b44ab in 1.6s
Feb 21, 2025 1:58:09 PM org.eclipse.lsp4j.jsonrpc.services.GenericEndpoint notify
WARNING: Unsupported notification method: metals/windowStateDidChange
2025.02.21 13:58:13 INFO  compiling language-tutorials_4b176b44ab (66 scala sources and 292 java sources)
2025.02.21 13:58:15 INFO  time: compiled language-tutorials_4b176b44ab in 1.19s
2025.02.21 13:58:16 INFO  compiling language-tutorials_4b176b44ab (66 scala sources and 292 java sources)
2025.02.21 13:58:17 INFO  time: compiled language-tutorials_4b176b44ab in 1.15s
2025.02.21 13:58:30 INFO  compiling language-tutorials_4b176b44ab (66 scala sources and 292 java sources)
2025.02.21 13:58:32 INFO  time: compiled language-tutorials_4b176b44ab in 1.35s
2025.02.21 13:58:35 INFO  compiling language-tutorials_4b176b44ab (66 scala sources and 292 java sources)
2025.02.21 13:58:36 INFO  time: compiled language-tutorials_4b176b44ab in 1.24s
2025.02.21 13:58:45 INFO  compiling language-tutorials_4b176b44ab (66 scala sources and 292 java sources)
2025.02.21 13:58:47 INFO  time: compiled language-tutorials_4b176b44ab in 1.26s
2025.02.21 13:59:02 INFO  compiling language-tutorials_4b176b44ab (66 scala sources and 292 java sources)
2025.02.21 13:59:03 INFO  time: compiled language-tutorials_4b176b44ab in 1.17s
2025.02.21 13:59:19 INFO  compiling language-tutorials_4b176b44ab (66 scala sources and 292 java sources)
2025.02.21 13:59:21 INFO  time: compiled language-tutorials_4b176b44ab in 1.3s
2025.02.21 13:59:24 INFO  compiling language-tutorials_4b176b44ab (66 scala sources and 292 java sources)
2025.02.21 13:59:25 INFO  time: compiled language-tutorials_4b176b44ab in 1.17s
2025.02.21 13:59:48 INFO  compiling language-tutorials_4b176b44ab (66 scala sources and 292 java sources)
2025.02.21 13:59:49 INFO  time: compiled language-tutorials_4b176b44ab in 1.19s
Feb 21, 2025 1:59:50 PM org.eclipse.lsp4j.jsonrpc.services.GenericEndpoint notify
WARNING: Unsupported notification method: metals/windowStateDidChange
Feb 21, 2025 1:59:56 PM org.eclipse.lsp4j.jsonrpc.services.GenericEndpoint notify
WARNING: Unsupported notification method: metals/windowStateDidChange
Feb 21, 2025 2:00:04 PM org.eclipse.lsp4j.jsonrpc.services.GenericEndpoint notify
WARNING: Unsupported notification method: metals/windowStateDidChange
Feb 21, 2025 2:00:16 PM org.eclipse.lsp4j.jsonrpc.services.GenericEndpoint notify
WARNING: Unsupported notification method: metals/windowStateDidChange
Feb 21, 2025 2:00:17 PM org.eclipse.lsp4j.jsonrpc.services.GenericEndpoint notify
WARNING: Unsupported notification method: metals/windowStateDidChange
Feb 21, 2025 2:00:35 PM org.eclipse.lsp4j.jsonrpc.services.GenericEndpoint notify
WARNING: Unsupported notification method: metals/windowStateDidChange
Feb 21, 2025 2:00:37 PM org.eclipse.lsp4j.jsonrpc.services.GenericEndpoint notify
WARNING: Unsupported notification method: metals/windowStateDidChange
Feb 21, 2025 2:01:27 PM org.eclipse.lsp4j.jsonrpc.services.GenericEndpoint notify
WARNING: Unsupported notification method: metals/windowStateDidChange
Feb 21, 2025 2:02:03 PM org.eclipse.lsp4j.jsonrpc.services.GenericEndpoint notify
WARNING: Unsupported notification method: metals/windowStateDidChange
Feb 21, 2025 2:02:04 PM org.eclipse.lsp4j.jsonrpc.services.GenericEndpoint notify
WARNING: Unsupported notification method: metals/windowStateDidChange
2025.02.21 14:02:08 INFO  compiling language-tutorials_4b176b44ab (66 scala sources and 292 java sources)
2025.02.21 14:02:09 INFO  time: compiled language-tutorials_4b176b44ab in 1.34s
Feb 21, 2025 2:02:47 PM org.eclipse.lsp4j.jsonrpc.services.GenericEndpoint notify
WARNING: Unsupported notification method: metals/windowStateDidChange
Feb 21, 2025 2:02:51 PM org.eclipse.lsp4j.jsonrpc.services.GenericEndpoint notify
WARNING: Unsupported notification method: metals/windowStateDidChange
Feb 21, 2025 2:02:52 PM org.eclipse.lsp4j.jsonrpc.services.GenericEndpoint notify
WARNING: Unsupported notification method: metals/windowStateDidChange
Feb 21, 2025 2:03:44 PM org.eclipse.lsp4j.jsonrpc.services.GenericEndpoint notify
WARNING: Unsupported notification method: metals/windowStateDidChange
Feb 21, 2025 2:05:57 PM org.eclipse.lsp4j.jsonrpc.services.GenericEndpoint notify
WARNING: Unsupported notification method: metals/windowStateDidChange
Feb 21, 2025 2:05:59 PM org.eclipse.lsp4j.jsonrpc.services.GenericEndpoint notify
WARNING: Unsupported notification method: metals/windowStateDidChange
Feb 21, 2025 2:06:01 PM org.eclipse.lsp4j.jsonrpc.services.GenericEndpoint notify
WARNING: Unsupported notification method: metals/windowStateDidChange
Feb 21, 2025 2:06:17 PM org.eclipse.lsp4j.jsonrpc.services.GenericEndpoint notify
WARNING: Unsupported notification method: metals/windowStateDidChange
2025.02.21 14:07:21 INFO  compiling language-tutorials_4b176b44ab (66 scala sources and 292 java sources)
2025.02.21 14:07:23 INFO  time: compiled language-tutorials_4b176b44ab in 1.32s
Feb 21, 2025 2:07:34 PM org.eclipse.lsp4j.jsonrpc.services.GenericEndpoint notify
WARNING: Unsupported notification method: metals/windowStateDidChange
Feb 21, 2025 2:07:36 PM org.eclipse.lsp4j.jsonrpc.services.GenericEndpoint notify
WARNING: Unsupported notification method: metals/windowStateDidChange
Feb 21, 2025 2:07:37 PM org.eclipse.lsp4j.jsonrpc.services.GenericEndpoint notify
WARNING: Unsupported notification method: metals/windowStateDidChange
Feb 21, 2025 2:07:39 PM org.eclipse.lsp4j.jsonrpc.services.GenericEndpoint notify
WARNING: Unsupported notification method: metals/windowStateDidChange
Feb 21, 2025 2:07:40 PM org.eclipse.lsp4j.jsonrpc.services.GenericEndpoint notify
WARNING: Unsupported notification method: metals/windowStateDidChange
Feb 21, 2025 2:07:41 PM org.eclipse.lsp4j.jsonrpc.services.GenericEndpoint notify
WARNING: Unsupported notification method: metals/windowStateDidChange
Feb 21, 2025 2:07:42 PM org.eclipse.lsp4j.jsonrpc.services.GenericEndpoint notify
WARNING: Unsupported notification method: metals/windowStateDidChange
Feb 21, 2025 2:07:50 PM org.eclipse.lsp4j.jsonrpc.services.GenericEndpoint notify
WARNING: Unsupported notification method: metals/windowStateDidChange
Feb 21, 2025 2:07:51 PM org.eclipse.lsp4j.jsonrpc.services.GenericEndpoint notify
WARNING: Unsupported notification method: metals/windowStateDidChange
Feb 21, 2025 2:08:39 PM org.eclipse.lsp4j.jsonrpc.services.GenericEndpoint notify
WARNING: Unsupported notification method: metals/windowStateDidChange
Feb 21, 2025 2:09:25 PM org.eclipse.lsp4j.jsonrpc.services.GenericEndpoint notify
WARNING: Unsupported notification method: metals/windowStateDidChange
Feb 21, 2025 2:09:41 PM org.eclipse.lsp4j.jsonrpc.services.GenericEndpoint notify
WARNING: Unsupported notification method: metals/windowStateDidChange
2025.02.21 14:09:52 INFO  compiling language-tutorials_4b176b44ab (66 scala sources and 292 java sources)
2025.02.21 14:09:54 INFO  time: compiled language-tutorials_4b176b44ab in 1.27s
2025.02.21 14:10:06 INFO  compiling language-tutorials_4b176b44ab (66 scala sources and 292 java sources)
2025.02.21 14:10:07 INFO  time: compiled language-tutorials_4b176b44ab in 1.18s
Feb 21, 2025 2:10:21 PM org.eclipse.lsp4j.jsonrpc.services.GenericEndpoint notify
WARNING: Unsupported notification method: metals/windowStateDidChange
Feb 21, 2025 2:10:48 PM org.eclipse.lsp4j.jsonrpc.services.GenericEndpoint notify
WARNING: Unsupported notification method: metals/windowStateDidChange
Feb 21, 2025 2:10:50 PM scala.meta.internal.metals.StdReporter $anonfun$create$1
SEVERE: empty definition using pc, found symbol in pc: `<none>`. (full report at: /Users/yongjian.tek/Desktop/language-tutorials/.metals/.reports/metals-full/2025-02-21/r_empty-definition_(language-tutorials_4b176b44ab)_12-28-26-057.md)
Feb 21, 2025 2:10:52 PM org.eclipse.lsp4j.jsonrpc.services.GenericEndpoint notify
WARNING: Unsupported notification method: metals/windowStateDidChange
Feb 21, 2025 2:11:51 PM org.eclipse.lsp4j.jsonrpc.services.GenericEndpoint notify
WARNING: Unsupported notification method: metals/windowStateDidChange
Feb 21, 2025 2:14:37 PM org.eclipse.lsp4j.jsonrpc.services.GenericEndpoint notify
WARNING: Unsupported notification method: metals/windowStateDidChange
Feb 21, 2025 2:14:37 PM org.eclipse.lsp4j.jsonrpc.services.GenericEndpoint notify
WARNING: Unsupported notification method: metals/windowStateDidChange
Feb 21, 2025 2:14:38 PM org.eclipse.lsp4j.jsonrpc.services.GenericEndpoint notify
WARNING: Unsupported notification method: metals/windowStateDidChange
Feb 21, 2025 2:14:47 PM org.eclipse.lsp4j.jsonrpc.services.GenericEndpoint notify
WARNING: Unsupported notification method: metals/windowStateDidChange
Feb 21, 2025 2:14:49 PM org.eclipse.lsp4j.jsonrpc.services.GenericEndpoint notify
WARNING: Unsupported notification method: metals/windowStateDidChange
Feb 21, 2025 2:14:55 PM org.eclipse.lsp4j.jsonrpc.services.GenericEndpoint notify
WARNING: Unsupported notification method: metals/windowStateDidChange
Feb 21, 2025 2:15:01 PM scala.meta.internal.metals.StdReporter $anonfun$create$1
SEVERE: empty definition using pc, found symbol in pc: `<none>`. (full report at: /Users/yongjian.tek/Desktop/language-tutorials/.metals/.reports/metals-full/2025-02-21/r_empty-definition_(language-tutorials_4b176b44ab)_12-28-26-057.md)
Feb 21, 2025 2:15:01 PM scala.meta.internal.metals.StdReporter $anonfun$create$1
SEVERE: empty definition using pc, found symbol in pc: `<none>`. (full report at: /Users/yongjian.tek/Desktop/language-tutorials/.metals/.reports/metals-full/2025-02-21/r_empty-definition_(language-tutorials_4b176b44ab)_12-28-26-057.md)
Feb 21, 2025 2:15:01 PM org.eclipse.lsp4j.jsonrpc.services.GenericEndpoint notify
WARNING: Unsupported notification method: metals/windowStateDidChange
Feb 21, 2025 2:15:47 PM org.eclipse.lsp4j.jsonrpc.services.GenericEndpoint notify
WARNING: Unsupported notification method: metals/windowStateDidChange
Feb 21, 2025 2:17:36 PM org.eclipse.lsp4j.jsonrpc.services.GenericEndpoint notify
WARNING: Unsupported notification method: metals/windowStateDidChange
Feb 21, 2025 2:17:38 PM org.eclipse.lsp4j.jsonrpc.services.GenericEndpoint notify
WARNING: Unsupported notification method: metals/windowStateDidChange
Feb 21, 2025 2:17:38 PM org.eclipse.lsp4j.jsonrpc.services.GenericEndpoint notify
WARNING: Unsupported notification method: metals/windowStateDidChange
Feb 21, 2025 2:17:44 PM org.eclipse.lsp4j.jsonrpc.services.GenericEndpoint notify
WARNING: Unsupported notification method: metals/windowStateDidChange
Feb 21, 2025 2:17:44 PM scala.meta.internal.metals.StdReporter $anonfun$create$1
SEVERE: empty definition using pc, found symbol in pc: `<none>`. (full report at: /Users/yongjian.tek/Desktop/language-tutorials/.metals/.reports/metals-full/2025-02-21/r_empty-definition_(language-tutorials_4b176b44ab)_12-28-26-057.md)
Feb 21, 2025 2:17:45 PM org.eclipse.lsp4j.jsonrpc.services.GenericEndpoint notify
WARNING: Unsupported notification method: metals/windowStateDidChange
Feb 21, 2025 2:17:46 PM org.eclipse.lsp4j.jsonrpc.services.GenericEndpoint notify
WARNING: Unsupported notification method: metals/windowStateDidChange
Feb 21, 2025 2:17:48 PM org.eclipse.lsp4j.jsonrpc.services.GenericEndpoint notify
WARNING: Unsupported notification method: metals/windowStateDidChange
Feb 21, 2025 2:17:49 PM org.eclipse.lsp4j.jsonrpc.services.GenericEndpoint notify
WARNING: Unsupported notification method: metals/windowStateDidChange
Feb 21, 2025 2:17:50 PM org.eclipse.lsp4j.jsonrpc.services.GenericEndpoint notify
WARNING: Unsupported notification method: metals/windowStateDidChange
Feb 21, 2025 2:17:51 PM org.eclipse.lsp4j.jsonrpc.services.GenericEndpoint notify
WARNING: Unsupported notification method: metals/windowStateDidChange
Feb 21, 2025 2:17:52 PM org.eclipse.lsp4j.jsonrpc.services.GenericEndpoint notify
WARNING: Unsupported notification method: metals/windowStateDidChange
Feb 21, 2025 2:17:56 PM org.eclipse.lsp4j.jsonrpc.services.GenericEndpoint notify
WARNING: Unsupported notification method: metals/windowStateDidChange
Feb 21, 2025 2:17:57 PM org.eclipse.lsp4j.jsonrpc.services.GenericEndpoint notify
WARNING: Unsupported notification method: metals/windowStateDidChange
Feb 21, 2025 2:18:48 PM org.eclipse.lsp4j.jsonrpc.services.GenericEndpoint notify
WARNING: Unsupported notification method: metals/windowStateDidChange
Feb 21, 2025 2:19:52 PM org.eclipse.lsp4j.jsonrpc.services.GenericEndpoint notify
WARNING: Unsupported notification method: metals/windowStateDidChange
Feb 21, 2025 2:19:53 PM org.eclipse.lsp4j.jsonrpc.services.GenericEndpoint notify
WARNING: Unsupported notification method: metals/windowStateDidChange
Feb 21, 2025 2:19:53 PM org.eclipse.lsp4j.jsonrpc.services.GenericEndpoint notify
WARNING: Unsupported notification method: metals/windowStateDidChange
Feb 21, 2025 2:20:12 PM org.eclipse.lsp4j.jsonrpc.services.GenericEndpoint notify
WARNING: Unsupported notification method: metals/windowStateDidChange
Feb 21, 2025 2:20:14 PM org.eclipse.lsp4j.jsonrpc.services.GenericEndpoint notify
WARNING: Unsupported notification method: metals/windowStateDidChange
Feb 21, 2025 2:20:16 PM org.eclipse.lsp4j.jsonrpc.services.GenericEndpoint notify
WARNING: Unsupported notification method: metals/windowStateDidChange
Feb 21, 2025 2:20:16 PM org.eclipse.lsp4j.jsonrpc.services.GenericEndpoint notify
WARNING: Unsupported notification method: metals/windowStateDidChange
Feb 21, 2025 2:20:24 PM org.eclipse.lsp4j.jsonrpc.services.GenericEndpoint notify
WARNING: Unsupported notification method: metals/windowStateDidChange
Feb 21, 2025 2:20:31 PM org.eclipse.lsp4j.jsonrpc.services.GenericEndpoint notify
WARNING: Unsupported notification method: metals/windowStateDidChange
Feb 21, 2025 2:20:32 PM org.eclipse.lsp4j.jsonrpc.services.GenericEndpoint notify
WARNING: Unsupported notification method: metals/windowStateDidChange
Feb 21, 2025 2:20:40 PM org.eclipse.lsp4j.jsonrpc.services.GenericEndpoint notify
WARNING: Unsupported notification method: metals/windowStateDidChange
2025.02.21 14:20:40 INFO  compiling language-tutorials_4b176b44ab (66 scala sources and 292 java sources)
Feb 21, 2025 2:20:41 PM org.eclipse.lsp4j.jsonrpc.services.GenericEndpoint notify
WARNING: Unsupported notification method: metals/windowStateDidChange
2025.02.21 14:20:41 INFO  time: compiled language-tutorials_4b176b44ab in 1.31s
Feb 21, 2025 2:20:43 PM org.eclipse.lsp4j.jsonrpc.services.GenericEndpoint notify
WARNING: Unsupported notification method: metals/windowStateDidChange
Feb 21, 2025 2:20:43 PM org.eclipse.lsp4j.jsonrpc.services.GenericEndpoint notify
WARNING: Unsupported notification method: metals/windowStateDidChange
Feb 21, 2025 2:20:49 PM org.eclipse.lsp4j.jsonrpc.services.GenericEndpoint notify
WARNING: Unsupported notification method: metals/windowStateDidChange
Feb 21, 2025 2:20:50 PM org.eclipse.lsp4j.jsonrpc.services.GenericEndpoint notify
WARNING: Unsupported notification method: metals/windowStateDidChange
2025.02.21 14:20:54 INFO  compiling language-tutorials_4b176b44ab (66 scala sources and 292 java sources)
2025.02.21 14:20:55 INFO  time: compiled language-tutorials_4b176b44ab in 1.19s
2025.02.21 14:21:05 INFO  compiling language-tutorials_4b176b44ab (66 scala sources and 292 java sources)
2025.02.21 14:21:06 INFO  time: compiled language-tutorials_4b176b44ab in 1.2s
Feb 21, 2025 2:21:19 PM org.eclipse.lsp4j.jsonrpc.services.GenericEndpoint notify
WARNING: Unsupported notification method: metals/windowStateDidChange
Feb 21, 2025 2:21:23 PM org.eclipse.lsp4j.jsonrpc.services.GenericEndpoint notify
WARNING: Unsupported notification method: metals/windowStateDidChange
Feb 21, 2025 2:21:24 PM org.eclipse.lsp4j.jsonrpc.services.GenericEndpoint notify
WARNING: Unsupported notification method: metals/windowStateDidChange
Feb 21, 2025 2:21:25 PM org.eclipse.lsp4j.jsonrpc.services.GenericEndpoint notify
WARNING: Unsupported notification method: metals/windowStateDidChange
Feb 21, 2025 2:21:28 PM org.eclipse.lsp4j.jsonrpc.services.GenericEndpoint notify
WARNING: Unsupported notification method: metals/windowStateDidChange
Feb 21, 2025 2:21:29 PM org.eclipse.lsp4j.jsonrpc.services.GenericEndpoint notify
WARNING: Unsupported notification method: metals/windowStateDidChange
Feb 21, 2025 2:21:33 PM org.eclipse.lsp4j.jsonrpc.services.GenericEndpoint notify
WARNING: Unsupported notification method: metals/windowStateDidChange
Feb 21, 2025 2:21:34 PM org.eclipse.lsp4j.jsonrpc.services.GenericEndpoint notify
WARNING: Unsupported notification method: metals/windowStateDidChange
Feb 21, 2025 2:21:38 PM org.eclipse.lsp4j.jsonrpc.services.GenericEndpoint notify
WARNING: Unsupported notification method: metals/windowStateDidChange
2025.02.21 14:21:39 INFO  compiling language-tutorials_4b176b44ab (66 scala sources and 292 java sources)
Feb 21, 2025 2:21:39 PM org.eclipse.lsp4j.jsonrpc.services.GenericEndpoint notify
WARNING: Unsupported notification method: metals/windowStateDidChange
2025.02.21 14:21:40 INFO  time: compiled language-tutorials_4b176b44ab in 1.33s
Feb 21, 2025 2:21:44 PM org.eclipse.lsp4j.jsonrpc.services.GenericEndpoint notify
WARNING: Unsupported notification method: metals/windowStateDidChange
Feb 21, 2025 2:21:45 PM org.eclipse.lsp4j.jsonrpc.services.GenericEndpoint notify
WARNING: Unsupported notification method: metals/windowStateDidChange
Feb 21, 2025 2:21:46 PM org.eclipse.lsp4j.jsonrpc.services.GenericEndpoint notify
WARNING: Unsupported notification method: metals/windowStateDidChange
Feb 21, 2025 2:21:46 PM org.eclipse.lsp4j.jsonrpc.services.GenericEndpoint notify
WARNING: Unsupported notification method: metals/windowStateDidChange
2025.02.21 14:21:52 INFO  compiling language-tutorials_4b176b44ab (66 scala sources and 292 java sources)
2025.02.21 14:21:53 INFO  time: compiled language-tutorials_4b176b44ab in 1.19s
Feb 21, 2025 2:21:57 PM org.eclipse.lsp4j.jsonrpc.services.GenericEndpoint notify
WARNING: Unsupported notification method: metals/windowStateDidChange
Feb 21, 2025 2:21:58 PM org.eclipse.lsp4j.jsonrpc.services.GenericEndpoint notify
WARNING: Unsupported notification method: metals/windowStateDidChange
2025.02.21 14:22:11 INFO  compiling language-tutorials_4b176b44ab (66 scala sources and 292 java sources)
2025.02.21 14:22:12 INFO  time: compiled language-tutorials_4b176b44ab in 1.17s
Feb 21, 2025 2:22:23 PM org.eclipse.lsp4j.jsonrpc.services.GenericEndpoint notify
WARNING: Unsupported notification method: metals/windowStateDidChange
Feb 21, 2025 2:22:25 PM org.eclipse.lsp4j.jsonrpc.services.GenericEndpoint notify
WARNING: Unsupported notification method: metals/windowStateDidChange
Feb 21, 2025 2:22:27 PM org.eclipse.lsp4j.jsonrpc.services.GenericEndpoint notify
WARNING: Unsupported notification method: metals/windowStateDidChange
Feb 21, 2025 2:22:36 PM org.eclipse.lsp4j.jsonrpc.services.GenericEndpoint notify
WARNING: Unsupported notification method: metals/windowStateDidChange
2025.02.21 14:22:40 INFO  compiling language-tutorials_4b176b44ab (66 scala sources and 292 java sources)
2025.02.21 14:22:41 INFO  time: compiled language-tutorials_4b176b44ab in 1.33s
Feb 21, 2025 2:22:45 PM org.eclipse.lsp4j.jsonrpc.services.GenericEndpoint notify
WARNING: Unsupported notification method: metals/windowStateDidChange
Feb 21, 2025 2:22:47 PM org.eclipse.lsp4j.jsonrpc.services.GenericEndpoint notify
WARNING: Unsupported notification method: metals/windowStateDidChange
Feb 21, 2025 2:22:48 PM org.eclipse.lsp4j.jsonrpc.services.GenericEndpoint notify
WARNING: Unsupported notification method: metals/windowStateDidChange
Feb 21, 2025 2:22:50 PM org.eclipse.lsp4j.jsonrpc.services.GenericEndpoint notify
WARNING: Unsupported notification method: metals/windowStateDidChange
2025.02.21 14:22:54 INFO  compiling language-tutorials_4b176b44ab (66 scala sources and 292 java sources)
2025.02.21 14:22:55 INFO  time: compiled language-tutorials_4b176b44ab in 1.21s
Feb 21, 2025 2:23:00 PM org.eclipse.lsp4j.jsonrpc.services.GenericEndpoint notify
WARNING: Unsupported notification method: metals/windowStateDidChange
Feb 21, 2025 2:23:04 PM org.eclipse.lsp4j.jsonrpc.services.GenericEndpoint notify
WARNING: Unsupported notification method: metals/windowStateDidChange
Feb 21, 2025 2:23:06 PM org.eclipse.lsp4j.jsonrpc.services.GenericEndpoint notify
WARNING: Unsupported notification method: metals/windowStateDidChange
Feb 21, 2025 2:23:07 PM org.eclipse.lsp4j.jsonrpc.services.GenericEndpoint notify
WARNING: Unsupported notification method: metals/windowStateDidChange
Feb 21, 2025 2:23:08 PM org.eclipse.lsp4j.jsonrpc.services.GenericEndpoint notify
WARNING: Unsupported notification method: metals/windowStateDidChange
Feb 21, 2025 2:23:16 PM org.eclipse.lsp4j.jsonrpc.services.GenericEndpoint notify
WARNING: Unsupported notification method: metals/windowStateDidChange
Feb 21, 2025 2:23:16 PM org.eclipse.lsp4j.jsonrpc.services.GenericEndpoint notify
WARNING: Unsupported notification method: metals/windowStateDidChange
Feb 21, 2025 2:23:24 PM org.eclipse.lsp4j.jsonrpc.services.GenericEndpoint notify
WARNING: Unsupported notification method: metals/windowStateDidChange
2025.02.21 14:23:28 INFO  compiling language-tutorials_4b176b44ab (66 scala sources and 292 java sources)
2025.02.21 14:23:29 INFO  time: compiled language-tutorials_4b176b44ab in 1.36s
Feb 21, 2025 2:23:30 PM org.eclipse.lsp4j.jsonrpc.services.GenericEndpoint notify
WARNING: Unsupported notification method: metals/windowStateDidChange
Feb 21, 2025 2:23:38 PM org.eclipse.lsp4j.jsonrpc.services.GenericEndpoint notify
WARNING: Unsupported notification method: metals/windowStateDidChange
Feb 21, 2025 2:23:46 PM scala.meta.internal.metals.StdReporter $anonfun$create$1
SEVERE: empty definition using pc, found symbol in pc: mod1_slides4/ (full report at: /Users/yongjian.tek/Desktop/language-tutorials/.metals/.reports/metals-full/2025-02-21/r_empty-definition_(language-tutorials_4b176b44ab)_10-55-01-721.md)
Feb 21, 2025 2:23:55 PM scala.meta.internal.metals.StdReporter $anonfun$create$1
SEVERE: empty definition using pc, found symbol in pc: `<none>`. (full report at: /Users/yongjian.tek/Desktop/language-tutorials/.metals/.reports/metals-full/2025-02-21/r_empty-definition_(language-tutorials_4b176b44ab)_12-28-26-057.md)
Feb 21, 2025 2:23:56 PM scala.meta.internal.metals.StdReporter $anonfun$create$1
SEVERE: empty definition using pc, found symbol in pc: `<none>`. (full report at: /Users/yongjian.tek/Desktop/language-tutorials/.metals/.reports/metals-full/2025-02-21/r_empty-definition_(language-tutorials_4b176b44ab)_12-28-26-057.md)
2025.02.21 14:23:57 INFO  compiling language-tutorials_4b176b44ab (66 scala sources and 292 java sources)
2025.02.21 14:23:58 INFO  time: compiled language-tutorials_4b176b44ab in 1.23s
Feb 21, 2025 2:24:02 PM scala.meta.internal.metals.StdReporter $anonfun$create$1
SEVERE: empty definition using pc, found symbol in pc:  (full report at: /Users/yongjian.tek/Desktop/language-tutorials/.metals/.reports/metals-full/2025-02-21/r_empty-definition_(language-tutorials_4b176b44ab)_14-24-02-927.md)
Feb 21, 2025 2:24:16 PM org.eclipse.lsp4j.jsonrpc.services.GenericEndpoint notify
WARNING: Unsupported notification method: metals/windowStateDidChange
Feb 21, 2025 2:24:17 PM org.eclipse.lsp4j.jsonrpc.services.GenericEndpoint notify
WARNING: Unsupported notification method: metals/windowStateDidChange
Feb 21, 2025 2:24:17 PM org.eclipse.lsp4j.jsonrpc.services.GenericEndpoint notify
WARNING: Unsupported notification method: metals/windowStateDidChange
Feb 21, 2025 2:24:18 PM scala.meta.internal.metals.StdReporter $anonfun$create$1
SEVERE: empty definition using pc, found symbol in pc:  (full report at: /Users/yongjian.tek/Desktop/language-tutorials/.metals/.reports/metals-full/2025-02-21/r_empty-definition_(language-tutorials_4b176b44ab)_14-24-02-927.md)
Feb 21, 2025 2:24:31 PM org.eclipse.lsp4j.jsonrpc.services.GenericEndpoint notify
WARNING: Unsupported notification method: metals/windowStateDidChange
Feb 21, 2025 2:24:33 PM scala.meta.internal.metals.StdReporter $anonfun$create$1
SEVERE: empty definition using pc, found symbol in pc: mod1_slides4/ (full report at: /Users/yongjian.tek/Desktop/language-tutorials/.metals/.reports/metals-full/2025-02-21/r_empty-definition_(language-tutorials_4b176b44ab)_10-55-01-721.md)
Feb 21, 2025 2:24:33 PM org.eclipse.lsp4j.jsonrpc.services.GenericEndpoint notify
WARNING: Unsupported notification method: metals/windowStateDidChange
Feb 21, 2025 2:24:39 PM org.eclipse.lsp4j.jsonrpc.services.GenericEndpoint notify
WARNING: Unsupported notification method: metals/windowStateDidChange
Feb 21, 2025 2:24:43 PM org.eclipse.lsp4j.jsonrpc.services.GenericEndpoint notify
WARNING: Unsupported notification method: metals/windowStateDidChange
Feb 21, 2025 2:24:44 PM org.eclipse.lsp4j.jsonrpc.services.GenericEndpoint notify
WARNING: Unsupported notification method: metals/windowStateDidChange
Feb 21, 2025 2:24:46 PM org.eclipse.lsp4j.jsonrpc.services.GenericEndpoint notify
WARNING: Unsupported notification method: metals/windowStateDidChange
Feb 21, 2025 2:24:48 PM org.eclipse.lsp4j.jsonrpc.services.GenericEndpoint notify
WARNING: Unsupported notification method: metals/windowStateDidChange
Feb 21, 2025 2:24:51 PM org.eclipse.lsp4j.jsonrpc.services.GenericEndpoint notify
WARNING: Unsupported notification method: metals/windowStateDidChange
Feb 21, 2025 2:24:51 PM org.eclipse.lsp4j.jsonrpc.services.GenericEndpoint notify
WARNING: Unsupported notification method: metals/windowStateDidChange
2025.02.21 14:24:54 INFO  compiling language-tutorials_4b176b44ab (66 scala sources and 292 java sources)
2025.02.21 14:24:55 INFO  time: compiled language-tutorials_4b176b44ab in 1.25s
Feb 21, 2025 2:24:56 PM scala.meta.internal.metals.StdReporter $anonfun$create$1
SEVERE: empty definition using pc, found symbol in pc: mod1_slides4/ (full report at: /Users/yongjian.tek/Desktop/language-tutorials/.metals/.reports/metals-full/2025-02-21/r_empty-definition_(language-tutorials_4b176b44ab)_10-55-01-721.md)
Feb 21, 2025 2:24:57 PM scala.meta.internal.metals.StdReporter $anonfun$create$1
SEVERE: empty definition using pc, found symbol in pc: `<none>`. (full report at: /Users/yongjian.tek/Desktop/language-tutorials/.metals/.reports/metals-full/2025-02-21/r_empty-definition_(language-tutorials_4b176b44ab)_12-28-26-057.md)
Feb 21, 2025 2:24:57 PM org.eclipse.lsp4j.jsonrpc.services.GenericEndpoint notify
WARNING: Unsupported notification method: metals/windowStateDidChange
Feb 21, 2025 2:24:59 PM org.eclipse.lsp4j.jsonrpc.services.GenericEndpoint notify
WARNING: Unsupported notification method: metals/windowStateDidChange
Feb 21, 2025 2:25:00 PM scala.meta.internal.metals.StdReporter $anonfun$create$1
SEVERE: empty definition using pc, found symbol in pc: `<none>`. (full report at: /Users/yongjian.tek/Desktop/language-tutorials/.metals/.reports/metals-full/2025-02-21/r_empty-definition_(language-tutorials_4b176b44ab)_12-28-26-057.md)
2025.02.21 14:25:11 INFO  compiling language-tutorials_4b176b44ab (66 scala sources and 292 java sources)
2025.02.21 14:25:12 INFO  time: compiled language-tutorials_4b176b44ab in 1.22s
2025.02.21 14:25:12 INFO  compiling language-tutorials_4b176b44ab (66 scala sources and 292 java sources)
2025.02.21 14:25:14 INFO  time: compiled language-tutorials_4b176b44ab in 1.26s
2025.02.21 14:25:19 INFO  compiling language-tutorials_4b176b44ab (66 scala sources and 292 java sources)
2025.02.21 14:25:21 INFO  time: compiled language-tutorials_4b176b44ab in 1.24s
Feb 21, 2025 2:25:26 PM scala.meta.internal.metals.StdReporter $anonfun$create$1
SEVERE: empty definition using pc, found symbol in pc: `<none>`. (full report at: /Users/yongjian.tek/Desktop/language-tutorials/.metals/.reports/metals-full/2025-02-21/r_empty-definition_(language-tutorials_4b176b44ab)_12-28-26-057.md)
Feb 21, 2025 2:25:26 PM org.eclipse.lsp4j.jsonrpc.services.GenericEndpoint notify
WARNING: Unsupported notification method: metals/windowStateDidChange
Feb 21, 2025 2:25:29 PM org.eclipse.lsp4j.jsonrpc.services.GenericEndpoint notify
WARNING: Unsupported notification method: metals/windowStateDidChange
Feb 21, 2025 2:25:33 PM scala.meta.internal.metals.StdReporter $anonfun$create$1
SEVERE: empty definition using pc, found symbol in pc: `<none>`. (full report at: /Users/yongjian.tek/Desktop/language-tutorials/.metals/.reports/metals-full/2025-02-21/r_empty-definition_(language-tutorials_4b176b44ab)_12-28-26-057.md)
Feb 21, 2025 2:25:33 PM scala.meta.internal.metals.StdReporter $anonfun$create$1
SEVERE: empty definition using pc, found symbol in pc: `<none>`. (full report at: /Users/yongjian.tek/Desktop/language-tutorials/.metals/.reports/metals-full/2025-02-21/r_empty-definition_(language-tutorials_4b176b44ab)_12-28-26-057.md)
2025.02.21 14:25:34 INFO  compiling language-tutorials_4b176b44ab (66 scala sources and 292 java sources)
2025.02.21 14:25:35 INFO  time: compiled language-tutorials_4b176b44ab in 1.27s
2025.02.21 14:25:35 INFO  compiling language-tutorials_4b176b44ab (66 scala sources and 292 java sources)
2025.02.21 14:25:37 INFO  time: compiled language-tutorials_4b176b44ab in 1.45s
2025.02.21 14:25:42 INFO  compiling language-tutorials_4b176b44ab (66 scala sources and 292 java sources)
2025.02.21 14:25:43 INFO  time: compiled language-tutorials_4b176b44ab in 1.25s
Feb 21, 2025 2:25:57 PM org.eclipse.lsp4j.jsonrpc.services.GenericEndpoint notify
WARNING: Unsupported notification method: metals/windowStateDidChange
Feb 21, 2025 2:25:59 PM org.eclipse.lsp4j.jsonrpc.services.GenericEndpoint notify
WARNING: Unsupported notification method: metals/windowStateDidChange
2025.02.21 14:26:03 INFO  compiling language-tutorials_4b176b44ab (66 scala sources and 292 java sources)
2025.02.21 14:26:04 INFO  time: compiled language-tutorials_4b176b44ab in 1.32s
2025.02.21 14:26:09 INFO  compiling language-tutorials_4b176b44ab (66 scala sources and 292 java sources)
2025.02.21 14:26:10 INFO  time: compiled language-tutorials_4b176b44ab in 1.11s
2025.02.21 14:26:20 INFO  compiling language-tutorials_4b176b44ab (66 scala sources and 292 java sources)
2025.02.21 14:26:21 INFO  time: compiled language-tutorials_4b176b44ab in 1.14s
2025.02.21 14:27:00 INFO  compiling language-tutorials_4b176b44ab (66 scala sources and 292 java sources)
2025.02.21 14:27:01 INFO  time: compiled language-tutorials_4b176b44ab in 1.26s
Feb 21, 2025 2:27:02 PM org.eclipse.lsp4j.jsonrpc.services.GenericEndpoint notify
WARNING: Unsupported notification method: metals/windowStateDidChange
Feb 21, 2025 2:27:07 PM org.eclipse.lsp4j.jsonrpc.services.GenericEndpoint notify
WARNING: Unsupported notification method: metals/windowStateDidChange
2025.02.21 14:27:27 INFO  compiling language-tutorials_4b176b44ab (66 scala sources and 292 java sources)
2025.02.21 14:27:28 INFO  time: compiled language-tutorials_4b176b44ab in 1.55s
2025.02.21 14:27:37 INFO  compiling language-tutorials_4b176b44ab (66 scala sources and 292 java sources)
2025.02.21 14:27:38 INFO  time: compiled language-tutorials_4b176b44ab in 1.1s
2025.02.21 14:27:42 INFO  compiling language-tutorials_4b176b44ab (66 scala sources and 292 java sources)
2025.02.21 14:27:43 INFO  time: compiled language-tutorials_4b176b44ab in 1.08s
Feb 21, 2025 2:27:58 PM scala.meta.internal.metals.StdReporter $anonfun$create$1
SEVERE: empty definition using pc, found symbol in pc: `<none>`. (full report at: /Users/yongjian.tek/Desktop/language-tutorials/.metals/.reports/metals-full/2025-02-21/r_empty-definition_(language-tutorials_4b176b44ab)_12-28-26-057.md)
2025.02.21 14:27:59 INFO  compiling language-tutorials_4b176b44ab (66 scala sources and 292 java sources)
2025.02.21 14:28:00 INFO  time: compiled language-tutorials_4b176b44ab in 1.12s
Feb 21, 2025 2:28:17 PM org.eclipse.lsp4j.jsonrpc.RemoteEndpoint handleCancellation
WARNING: Unmatched cancel notification for request id 3989
2025.02.21 14:28:18 INFO  compiling language-tutorials_4b176b44ab (66 scala sources and 292 java sources)
2025.02.21 14:28:20 INFO  time: compiled language-tutorials_4b176b44ab in 1.21s
2025.02.21 14:28:20 INFO  compiling language-tutorials_4b176b44ab (66 scala sources and 292 java sources)
Feb 21, 2025 2:28:21 PM scala.meta.internal.metals.StdReporter $anonfun$create$1
SEVERE: empty definition using pc, found symbol in pc: `<none>`. (full report at: /Users/yongjian.tek/Desktop/language-tutorials/.metals/.reports/metals-full/2025-02-21/r_empty-definition_(language-tutorials_4b176b44ab)_12-28-26-057.md)
2025.02.21 14:28:21 INFO  time: compiled language-tutorials_4b176b44ab in 1.19s
Feb 21, 2025 2:28:21 PM scala.meta.internal.metals.StdReporter $anonfun$create$1
SEVERE: empty definition using pc, found symbol in pc: `<none>`. (full report at: /Users/yongjian.tek/Desktop/language-tutorials/.metals/.reports/metals-full/2025-02-21/r_empty-definition_(language-tutorials_4b176b44ab)_12-28-26-057.md)
2025.02.21 14:28:21 INFO  compiling language-tutorials_4b176b44ab (66 scala sources and 292 java sources)
2025.02.21 14:28:23 INFO  time: compiled language-tutorials_4b176b44ab in 1.21s
Feb 21, 2025 2:28:27 PM scala.meta.internal.metals.StdReporter $anonfun$create$1
SEVERE: empty definition using pc, found symbol in pc: `<none>`. (full report at: /Users/yongjian.tek/Desktop/language-tutorials/.metals/.reports/metals-full/2025-02-21/r_empty-definition_(language-tutorials_4b176b44ab)_12-28-26-057.md)
2025.02.21 14:28:29 INFO  compiling language-tutorials_4b176b44ab (66 scala sources and 292 java sources)
2025.02.21 14:28:30 INFO  time: compiled language-tutorials_4b176b44ab in 1.36s
Feb 21, 2025 2:28:42 PM scala.meta.internal.metals.StdReporter $anonfun$create$1
SEVERE: empty definition using pc, found symbol in pc: mod1_slides4/ (full report at: /Users/yongjian.tek/Desktop/language-tutorials/.metals/.reports/metals-full/2025-02-21/r_empty-definition_(language-tutorials_4b176b44ab)_10-55-01-721.md)
Feb 21, 2025 2:28:43 PM scala.meta.internal.metals.StdReporter $anonfun$create$1
SEVERE: empty definition using pc, found symbol in pc: mod1_slides4/ (full report at: /Users/yongjian.tek/Desktop/language-tutorials/.metals/.reports/metals-full/2025-02-21/r_empty-definition_(language-tutorials_4b176b44ab)_10-55-01-721.md)
Feb 21, 2025 2:28:44 PM scala.meta.internal.metals.StdReporter $anonfun$create$1
SEVERE: empty definition using pc, found symbol in pc: `<none>`. (full report at: /Users/yongjian.tek/Desktop/language-tutorials/.metals/.reports/metals-full/2025-02-21/r_empty-definition_(language-tutorials_4b176b44ab)_12-28-26-057.md)
Feb 21, 2025 2:28:45 PM scala.meta.internal.metals.StdReporter $anonfun$create$1
SEVERE: empty definition using pc, found symbol in pc: `<none>`. (full report at: /Users/yongjian.tek/Desktop/language-tutorials/.metals/.reports/metals-full/2025-02-21/r_empty-definition_(language-tutorials_4b176b44ab)_12-28-26-057.md)
2025.02.21 14:28:46 INFO  compiling language-tutorials_4b176b44ab (66 scala sources and 292 java sources)
2025.02.21 14:28:47 INFO  time: compiled language-tutorials_4b176b44ab in 1.31s
2025.02.21 14:28:58 INFO  compiling language-tutorials_4b176b44ab (66 scala sources and 292 java sources)
Feb 21, 2025 2:28:59 PM scala.meta.internal.metals.StdReporter $anonfun$create$1
SEVERE: empty definition using pc, found symbol in pc: `<none>`. (full report at: /Users/yongjian.tek/Desktop/language-tutorials/.metals/.reports/metals-full/2025-02-21/r_empty-definition_(language-tutorials_4b176b44ab)_12-28-26-057.md)
2025.02.21 14:29:00 INFO  time: compiled language-tutorials_4b176b44ab in 1.35s
2025.02.21 14:29:00 INFO  compiling language-tutorials_4b176b44ab (66 scala sources and 292 java sources)
2025.02.21 14:29:02 INFO  time: compiled language-tutorials_4b176b44ab in 1.36s
2025.02.21 14:29:04 INFO  compiling language-tutorials_4b176b44ab (66 scala sources and 292 java sources)
2025.02.21 14:29:05 INFO  time: compiled language-tutorials_4b176b44ab in 1.15s
Feb 21, 2025 2:29:05 PM scala.meta.internal.metals.StdReporter $anonfun$create$1
SEVERE: empty definition using pc, found symbol in pc: `<none>`. (full report at: /Users/yongjian.tek/Desktop/language-tutorials/.metals/.reports/metals-full/2025-02-21/r_empty-definition_(language-tutorials_4b176b44ab)_12-28-26-057.md)
Feb 21, 2025 2:29:05 PM scala.meta.internal.metals.StdReporter $anonfun$create$1
SEVERE: empty definition using pc, found symbol in pc: `<none>`. (full report at: /Users/yongjian.tek/Desktop/language-tutorials/.metals/.reports/metals-full/2025-02-21/r_empty-definition_(language-tutorials_4b176b44ab)_12-28-26-057.md)
2025.02.21 14:29:07 INFO  compiling language-tutorials_4b176b44ab (66 scala sources and 292 java sources)
2025.02.21 14:29:08 INFO  time: compiled language-tutorials_4b176b44ab in 1.14s
2025.02.21 14:29:30 INFO  compiling language-tutorials_4b176b44ab (66 scala sources and 292 java sources)
2025.02.21 14:29:31 INFO  time: compiled language-tutorials_4b176b44ab in 1.21s
2025.02.21 14:29:33 INFO  compiling language-tutorials_4b176b44ab (66 scala sources and 292 java sources)
2025.02.21 14:29:34 INFO  time: compiled language-tutorials_4b176b44ab in 1.18s
Feb 21, 2025 2:29:40 PM scala.meta.internal.metals.StdReporter $anonfun$create$1
SEVERE: empty definition using pc, found symbol in pc: mod1_slides4/ (full report at: /Users/yongjian.tek/Desktop/language-tutorials/.metals/.reports/metals-full/2025-02-21/r_empty-definition_(language-tutorials_4b176b44ab)_10-55-01-721.md)
2025.02.21 14:29:48 INFO  compiling language-tutorials_4b176b44ab (66 scala sources and 292 java sources)
2025.02.21 14:29:49 INFO  time: compiled language-tutorials_4b176b44ab in 1.14s
2025.02.21 14:29:49 INFO  compiling language-tutorials_4b176b44ab (66 scala sources and 292 java sources)
2025.02.21 14:29:51 INFO  time: compiled language-tutorials_4b176b44ab in 1.21s
2025.02.21 14:29:53 INFO  compiling language-tutorials_4b176b44ab (66 scala sources and 292 java sources)
2025.02.21 14:29:54 INFO  time: compiled language-tutorials_4b176b44ab in 1.27s
Feb 21, 2025 2:30:09 PM scala.meta.internal.metals.StdReporter $anonfun$create$1
SEVERE: empty definition using pc, found symbol in pc: mod1_slides4/ (full report at: /Users/yongjian.tek/Desktop/language-tutorials/.metals/.reports/metals-full/2025-02-21/r_empty-definition_(language-tutorials_4b176b44ab)_10-55-01-721.md)
Feb 21, 2025 2:30:09 PM scala.meta.internal.metals.StdReporter $anonfun$create$1
SEVERE: empty definition using pc, found symbol in pc: mod1_slides4/ (full report at: /Users/yongjian.tek/Desktop/language-tutorials/.metals/.reports/metals-full/2025-02-21/r_empty-definition_(language-tutorials_4b176b44ab)_10-55-01-721.md)
2025.02.21 14:30:09 INFO  compiling language-tutorials_4b176b44ab (66 scala sources and 292 java sources)
2025.02.21 14:30:11 INFO  time: compiled language-tutorials_4b176b44ab in 1.24s
Feb 21, 2025 2:30:16 PM scala.meta.internal.metals.StdReporter $anonfun$create$1
SEVERE: empty definition using pc, found symbol in pc: `<none>`. (full report at: /Users/yongjian.tek/Desktop/language-tutorials/.metals/.reports/metals-full/2025-02-21/r_empty-definition_(language-tutorials_4b176b44ab)_12-28-26-057.md)
2025.02.21 14:30:19 INFO  compiling language-tutorials_4b176b44ab (66 scala sources and 292 java sources)
2025.02.21 14:30:20 INFO  time: compiled language-tutorials_4b176b44ab in 1.2s
Feb 21, 2025 2:30:21 PM scala.meta.internal.metals.StdReporter $anonfun$create$1
SEVERE: empty definition using pc, found symbol in pc: `<none>`. (full report at: /Users/yongjian.tek/Desktop/language-tutorials/.metals/.reports/metals-full/2025-02-21/r_empty-definition_(language-tutorials_4b176b44ab)_12-28-26-057.md)
2025.02.21 14:30:21 INFO  compiling language-tutorials_4b176b44ab (66 scala sources and 292 java sources)
2025.02.21 14:30:23 INFO  time: compiled language-tutorials_4b176b44ab in 1.24s
2025.02.21 14:30:34 INFO  compiling language-tutorials_4b176b44ab (66 scala sources and 292 java sources)
Feb 21, 2025 2:30:35 PM org.eclipse.lsp4j.jsonrpc.services.GenericEndpoint notify
WARNING: Unsupported notification method: metals/windowStateDidChange
2025.02.21 14:30:35 INFO  time: compiled language-tutorials_4b176b44ab in 1.53s
Feb 21, 2025 2:30:39 PM org.eclipse.lsp4j.jsonrpc.services.GenericEndpoint notify
WARNING: Unsupported notification method: metals/windowStateDidChange
Feb 21, 2025 2:30:41 PM org.eclipse.lsp4j.jsonrpc.services.GenericEndpoint notify
WARNING: Unsupported notification method: metals/windowStateDidChange
Feb 21, 2025 2:31:00 PM org.eclipse.lsp4j.jsonrpc.services.GenericEndpoint notify
WARNING: Unsupported notification method: metals/windowStateDidChange
2025.02.21 14:31:28 INFO  compiling language-tutorials_4b176b44ab (66 scala sources and 292 java sources)
2025.02.21 14:31:29 INFO  time: compiled language-tutorials_4b176b44ab in 1.28s
Feb 21, 2025 2:31:54 PM org.eclipse.lsp4j.jsonrpc.RemoteEndpoint handleCancellation
WARNING: Unmatched cancel notification for request id 4623
2025.02.21 14:31:58 INFO  compiling language-tutorials_4b176b44ab (66 scala sources and 292 java sources)
2025.02.21 14:31:59 INFO  time: compiled language-tutorials_4b176b44ab in 1.35s
2025.02.21 14:32:05 INFO  compiling language-tutorials_4b176b44ab (66 scala sources and 292 java sources)
2025.02.21 14:32:07 INFO  time: compiled language-tutorials_4b176b44ab in 1.11s
2025.02.21 14:32:15 INFO  compiling language-tutorials_4b176b44ab (66 scala sources and 292 java sources)
2025.02.21 14:32:16 INFO  time: compiled language-tutorials_4b176b44ab in 1.17s
Feb 21, 2025 2:32:38 PM org.eclipse.lsp4j.jsonrpc.services.GenericEndpoint notify
WARNING: Unsupported notification method: metals/windowStateDidChange
Feb 21, 2025 2:32:41 PM org.eclipse.lsp4j.jsonrpc.services.GenericEndpoint notify
WARNING: Unsupported notification method: metals/windowStateDidChange
Feb 21, 2025 2:32:45 PM org.eclipse.lsp4j.jsonrpc.services.GenericEndpoint notify
WARNING: Unsupported notification method: metals/windowStateDidChange
Feb 21, 2025 2:32:59 PM org.eclipse.lsp4j.jsonrpc.services.GenericEndpoint notify
WARNING: Unsupported notification method: metals/windowStateDidChange
2025.02.21 14:33:04 INFO  compiling language-tutorials_4b176b44ab (66 scala sources and 292 java sources)
2025.02.21 14:33:05 INFO  time: compiled language-tutorials_4b176b44ab in 1.21s
2025.02.21 14:33:14 INFO  compiling language-tutorials_4b176b44ab (66 scala sources and 292 java sources)
2025.02.21 14:33:15 INFO  time: compiled language-tutorials_4b176b44ab in 1.27s
Feb 21, 2025 2:33:46 PM org.eclipse.lsp4j.jsonrpc.services.GenericEndpoint notify
WARNING: Unsupported notification method: metals/windowStateDidChange
Feb 21, 2025 2:34:33 PM org.eclipse.lsp4j.jsonrpc.services.GenericEndpoint notify
WARNING: Unsupported notification method: metals/windowStateDidChange
Feb 21, 2025 2:35:46 PM org.eclipse.lsp4j.jsonrpc.services.GenericEndpoint notify
WARNING: Unsupported notification method: metals/windowStateDidChange
Feb 21, 2025 2:35:48 PM org.eclipse.lsp4j.jsonrpc.services.GenericEndpoint notify
WARNING: Unsupported notification method: metals/windowStateDidChange
Feb 21, 2025 2:35:56 PM org.eclipse.lsp4j.jsonrpc.services.GenericEndpoint notify
WARNING: Unsupported notification method: metals/windowStateDidChange
Feb 21, 2025 2:35:59 PM org.eclipse.lsp4j.jsonrpc.services.GenericEndpoint notify
WARNING: Unsupported notification method: metals/windowStateDidChange
Feb 21, 2025 2:35:59 PM org.eclipse.lsp4j.jsonrpc.services.GenericEndpoint notify
WARNING: Unsupported notification method: metals/windowStateDidChange
Feb 21, 2025 2:36:29 PM org.eclipse.lsp4j.jsonrpc.services.GenericEndpoint notify
WARNING: Unsupported notification method: metals/windowStateDidChange
Feb 21, 2025 2:36:29 PM scala.meta.internal.metals.StdReporter $anonfun$create$1
SEVERE: empty definition using pc, found symbol in pc: `<none>`. (full report at: /Users/yongjian.tek/Desktop/language-tutorials/.metals/.reports/metals-full/2025-02-21/r_empty-definition_(language-tutorials_4b176b44ab)_12-28-26-057.md)
2025.02.21 14:36:45 INFO  compiling language-tutorials_4b176b44ab (66 scala sources and 292 java sources)
2025.02.21 14:36:46 INFO  time: compiled language-tutorials_4b176b44ab in 1.28s
Feb 21, 2025 2:37:03 PM scala.meta.internal.metals.StdReporter $anonfun$create$1
SEVERE: empty definition using pc, found symbol in pc: `<none>`. (full report at: /Users/yongjian.tek/Desktop/language-tutorials/.metals/.reports/metals-full/2025-02-21/r_empty-definition_(language-tutorials_4b176b44ab)_12-28-26-057.md)
Feb 21, 2025 2:37:03 PM scala.meta.internal.metals.StdReporter $anonfun$create$1
SEVERE: empty definition using pc, found symbol in pc: `<none>`. (full report at: /Users/yongjian.tek/Desktop/language-tutorials/.metals/.reports/metals-full/2025-02-21/r_empty-definition_(language-tutorials_4b176b44ab)_12-28-26-057.md)
Feb 21, 2025 2:37:03 PM scala.meta.internal.metals.StdReporter $anonfun$create$1
SEVERE: empty definition using pc, found symbol in pc: `<none>`. (full report at: /Users/yongjian.tek/Desktop/language-tutorials/.metals/.reports/metals-full/2025-02-21/r_empty-definition_(language-tutorials_4b176b44ab)_12-28-26-057.md)
Feb 21, 2025 2:37:03 PM scala.meta.internal.metals.StdReporter $anonfun$create$1
SEVERE: empty definition using pc, found symbol in pc: `<none>`. (full report at: /Users/yongjian.tek/Desktop/language-tutorials/.metals/.reports/metals-full/2025-02-21/r_empty-definition_(language-tutorials_4b176b44ab)_12-28-26-057.md)
Feb 21, 2025 2:37:03 PM scala.meta.internal.metals.StdReporter $anonfun$create$1
SEVERE: empty definition using pc, found symbol in pc: `<none>`. (full report at: /Users/yongjian.tek/Desktop/language-tutorials/.metals/.reports/metals-full/2025-02-21/r_empty-definition_(language-tutorials_4b176b44ab)_12-28-26-057.md)
Feb 21, 2025 2:37:03 PM scala.meta.internal.metals.StdReporter $anonfun$create$1
SEVERE: empty definition using pc, found symbol in pc: `<none>`. (full report at: /Users/yongjian.tek/Desktop/language-tutorials/.metals/.reports/metals-full/2025-02-21/r_empty-definition_(language-tutorials_4b176b44ab)_12-28-26-057.md)
2025.02.21 14:37:06 INFO  compiling language-tutorials_4b176b44ab (66 scala sources and 292 java sources)
2025.02.21 14:37:07 INFO  time: compiled language-tutorials_4b176b44ab in 1.25s
2025.02.21 14:37:28 INFO  compiling language-tutorials_4b176b44ab (66 scala sources and 292 java sources)
2025.02.21 14:37:29 INFO  time: compiled language-tutorials_4b176b44ab in 1.36s
Feb 21, 2025 2:37:46 PM org.eclipse.lsp4j.jsonrpc.services.GenericEndpoint notify
WARNING: Unsupported notification method: metals/windowStateDidChange
Feb 21, 2025 2:37:50 PM org.eclipse.lsp4j.jsonrpc.services.GenericEndpoint notify
WARNING: Unsupported notification method: metals/windowStateDidChange
Feb 21, 2025 2:37:52 PM org.eclipse.lsp4j.jsonrpc.services.GenericEndpoint notify
WARNING: Unsupported notification method: metals/windowStateDidChange
Feb 21, 2025 2:38:58 PM org.eclipse.lsp4j.jsonrpc.services.GenericEndpoint notify
WARNING: Unsupported notification method: metals/windowStateDidChange
Feb 21, 2025 2:40:06 PM org.eclipse.lsp4j.jsonrpc.services.GenericEndpoint notify
WARNING: Unsupported notification method: metals/windowStateDidChange
Feb 21, 2025 2:40:07 PM org.eclipse.lsp4j.jsonrpc.services.GenericEndpoint notify
WARNING: Unsupported notification method: metals/windowStateDidChange
Feb 21, 2025 2:40:10 PM org.eclipse.lsp4j.jsonrpc.services.GenericEndpoint notify
WARNING: Unsupported notification method: metals/windowStateDidChange
Feb 21, 2025 2:41:17 PM org.eclipse.lsp4j.jsonrpc.services.GenericEndpoint notify
WARNING: Unsupported notification method: metals/windowStateDidChange
Feb 21, 2025 2:42:05 PM org.eclipse.lsp4j.jsonrpc.services.GenericEndpoint notify
WARNING: Unsupported notification method: metals/windowStateDidChange
Feb 21, 2025 2:42:07 PM org.eclipse.lsp4j.jsonrpc.services.GenericEndpoint notify
WARNING: Unsupported notification method: metals/windowStateDidChange
Feb 21, 2025 2:42:07 PM org.eclipse.lsp4j.jsonrpc.services.GenericEndpoint notify
WARNING: Unsupported notification method: metals/windowStateDidChange
Feb 21, 2025 2:42:08 PM org.eclipse.lsp4j.jsonrpc.services.GenericEndpoint notify
WARNING: Unsupported notification method: metals/windowStateDidChange
2025.02.21 14:42:14 INFO  compiling language-tutorials_4b176b44ab (66 scala sources and 292 java sources)
2025.02.21 14:42:16 INFO  time: compiled language-tutorials_4b176b44ab in 1.26s
Feb 21, 2025 2:42:27 PM org.eclipse.lsp4j.jsonrpc.services.GenericEndpoint notify
WARNING: Unsupported notification method: metals/windowStateDidChange
Feb 21, 2025 2:42:32 PM org.eclipse.lsp4j.jsonrpc.services.GenericEndpoint notify
WARNING: Unsupported notification method: metals/windowStateDidChange
Feb 21, 2025 2:42:37 PM org.eclipse.lsp4j.jsonrpc.services.GenericEndpoint notify
WARNING: Unsupported notification method: metals/windowStateDidChange
Feb 21, 2025 2:43:00 PM org.eclipse.lsp4j.jsonrpc.services.GenericEndpoint notify
WARNING: Unsupported notification method: metals/windowStateDidChange
Feb 21, 2025 2:43:12 PM org.eclipse.lsp4j.jsonrpc.services.GenericEndpoint notify
WARNING: Unsupported notification method: metals/windowStateDidChange
Feb 21, 2025 2:43:50 PM org.eclipse.lsp4j.jsonrpc.services.GenericEndpoint notify
WARNING: Unsupported notification method: metals/windowStateDidChange
Feb 21, 2025 2:43:54 PM org.eclipse.lsp4j.jsonrpc.services.GenericEndpoint notify
WARNING: Unsupported notification method: metals/windowStateDidChange
Feb 21, 2025 2:44:03 PM org.eclipse.lsp4j.jsonrpc.services.GenericEndpoint notify
WARNING: Unsupported notification method: metals/windowStateDidChange
Feb 21, 2025 2:44:06 PM org.eclipse.lsp4j.jsonrpc.services.GenericEndpoint notify
WARNING: Unsupported notification method: metals/windowStateDidChange
Feb 21, 2025 2:44:15 PM org.eclipse.lsp4j.jsonrpc.services.GenericEndpoint notify
WARNING: Unsupported notification method: metals/windowStateDidChange
Feb 21, 2025 2:44:18 PM org.eclipse.lsp4j.jsonrpc.services.GenericEndpoint notify
WARNING: Unsupported notification method: metals/windowStateDidChange
Feb 21, 2025 2:44:22 PM org.eclipse.lsp4j.jsonrpc.services.GenericEndpoint notify
WARNING: Unsupported notification method: metals/windowStateDidChange
Feb 21, 2025 2:44:49 PM org.eclipse.lsp4j.jsonrpc.services.GenericEndpoint notify
WARNING: Unsupported notification method: metals/windowStateDidChange
Feb 21, 2025 2:44:56 PM org.eclipse.lsp4j.jsonrpc.services.GenericEndpoint notify
WARNING: Unsupported notification method: metals/windowStateDidChange
Feb 21, 2025 2:45:00 PM org.eclipse.lsp4j.jsonrpc.services.GenericEndpoint notify
WARNING: Unsupported notification method: metals/windowStateDidChange
Feb 21, 2025 2:45:01 PM org.eclipse.lsp4j.jsonrpc.services.GenericEndpoint notify
WARNING: Unsupported notification method: metals/windowStateDidChange
Feb 21, 2025 2:45:05 PM org.eclipse.lsp4j.jsonrpc.RemoteEndpoint handleCancellation
WARNING: Unmatched cancel notification for request id 5220
2025.02.21 14:45:13 INFO  compiling language-tutorials_4b176b44ab (66 scala sources and 292 java sources)
2025.02.21 14:45:14 INFO  time: compiled language-tutorials_4b176b44ab in 1.25s
Feb 21, 2025 2:45:34 PM org.eclipse.lsp4j.jsonrpc.services.GenericEndpoint notify
WARNING: Unsupported notification method: metals/windowStateDidChange
Feb 21, 2025 2:46:02 PM org.eclipse.lsp4j.jsonrpc.services.GenericEndpoint notify
WARNING: Unsupported notification method: metals/windowStateDidChange
Feb 21, 2025 2:46:07 PM org.eclipse.lsp4j.jsonrpc.services.GenericEndpoint notify
WARNING: Unsupported notification method: metals/windowStateDidChange
Feb 21, 2025 2:46:47 PM org.eclipse.lsp4j.jsonrpc.services.GenericEndpoint notify
WARNING: Unsupported notification method: metals/windowStateDidChange
Feb 21, 2025 2:52:19 PM org.eclipse.lsp4j.jsonrpc.services.GenericEndpoint notify
WARNING: Unsupported notification method: metals/windowStateDidChange
Feb 21, 2025 2:52:22 PM org.eclipse.lsp4j.jsonrpc.services.GenericEndpoint notify
WARNING: Unsupported notification method: metals/windowStateDidChange
Feb 21, 2025 2:52:23 PM org.eclipse.lsp4j.jsonrpc.services.GenericEndpoint notify
WARNING: Unsupported notification method: metals/windowStateDidChange
Feb 21, 2025 2:52:28 PM org.eclipse.lsp4j.jsonrpc.services.GenericEndpoint notify
WARNING: Unsupported notification method: metals/windowStateDidChange
2025.02.21 14:52:56 INFO  compiling language-tutorials_4b176b44ab (66 scala sources and 292 java sources)
2025.02.21 14:52:58 INFO  time: compiled language-tutorials_4b176b44ab in 1.23s
2025.02.21 14:53:02 INFO  compiling language-tutorials_4b176b44ab (66 scala sources and 292 java sources)
2025.02.21 14:53:03 INFO  time: compiled language-tutorials_4b176b44ab in 1.34s
2025.02.21 14:53:08 INFO  compiling language-tutorials_4b176b44ab (66 scala sources and 292 java sources)
2025.02.21 14:53:09 INFO  time: compiled language-tutorials_4b176b44ab in 1.2s
Feb 21, 2025 2:53:12 PM org.eclipse.lsp4j.jsonrpc.services.GenericEndpoint notify
WARNING: Unsupported notification method: metals/windowStateDidChange
Feb 21, 2025 2:53:13 PM org.eclipse.lsp4j.jsonrpc.services.GenericEndpoint notify
WARNING: Unsupported notification method: metals/windowStateDidChange
Feb 21, 2025 2:53:34 PM org.eclipse.lsp4j.jsonrpc.services.GenericEndpoint notify
WARNING: Unsupported notification method: metals/windowStateDidChange
Feb 21, 2025 2:53:35 PM org.eclipse.lsp4j.jsonrpc.services.GenericEndpoint notify
WARNING: Unsupported notification method: metals/windowStateDidChange
Feb 21, 2025 2:54:31 PM org.eclipse.lsp4j.jsonrpc.services.GenericEndpoint notify
WARNING: Unsupported notification method: metals/windowStateDidChange
Feb 21, 2025 2:55:32 PM org.eclipse.lsp4j.jsonrpc.services.GenericEndpoint notify
WARNING: Unsupported notification method: metals/windowStateDidChange
Feb 21, 2025 2:56:50 PM org.eclipse.lsp4j.jsonrpc.services.GenericEndpoint notify
WARNING: Unsupported notification method: metals/windowStateDidChange
Feb 21, 2025 2:56:52 PM org.eclipse.lsp4j.jsonrpc.services.GenericEndpoint notify
WARNING: Unsupported notification method: metals/windowStateDidChange
Feb 21, 2025 2:56:52 PM org.eclipse.lsp4j.jsonrpc.services.GenericEndpoint notify
WARNING: Unsupported notification method: metals/windowStateDidChange
Feb 21, 2025 2:56:54 PM org.eclipse.lsp4j.jsonrpc.services.GenericEndpoint notify
WARNING: Unsupported notification method: metals/windowStateDidChange
Feb 21, 2025 2:57:09 PM org.eclipse.lsp4j.jsonrpc.services.GenericEndpoint notify
WARNING: Unsupported notification method: metals/windowStateDidChange
Feb 21, 2025 2:57:16 PM org.eclipse.lsp4j.jsonrpc.services.GenericEndpoint notify
WARNING: Unsupported notification method: metals/windowStateDidChange
Feb 21, 2025 2:57:49 PM org.eclipse.lsp4j.jsonrpc.services.GenericEndpoint notify
WARNING: Unsupported notification method: metals/windowStateDidChange
Feb 21, 2025 2:58:32 PM org.eclipse.lsp4j.jsonrpc.services.GenericEndpoint notify
WARNING: Unsupported notification method: metals/windowStateDidChange
Feb 21, 2025 3:04:56 PM org.eclipse.lsp4j.jsonrpc.services.GenericEndpoint notify
WARNING: Unsupported notification method: metals/windowStateDidChange
Feb 21, 2025 3:04:56 PM org.eclipse.lsp4j.jsonrpc.services.GenericEndpoint notify
WARNING: Unsupported notification method: metals/windowStateDidChange
Feb 21, 2025 3:04:56 PM org.eclipse.lsp4j.jsonrpc.services.GenericEndpoint notify
WARNING: Unsupported notification method: metals/windowStateDidChange
Feb 21, 2025 3:05:09 PM org.eclipse.lsp4j.jsonrpc.services.GenericEndpoint notify
WARNING: Unsupported notification method: metals/windowStateDidChange
Feb 21, 2025 3:05:10 PM org.eclipse.lsp4j.jsonrpc.services.GenericEndpoint notify
WARNING: Unsupported notification method: metals/windowStateDidChange
Feb 21, 2025 3:05:46 PM org.eclipse.lsp4j.jsonrpc.services.GenericEndpoint notify
WARNING: Unsupported notification method: metals/windowStateDidChange
Feb 21, 2025 3:05:47 PM org.eclipse.lsp4j.jsonrpc.services.GenericEndpoint notify
WARNING: Unsupported notification method: metals/windowStateDidChange
Feb 21, 2025 3:06:36 PM org.eclipse.lsp4j.jsonrpc.services.GenericEndpoint notify
WARNING: Unsupported notification method: metals/windowStateDidChange
Feb 21, 2025 3:26:58 PM org.eclipse.lsp4j.jsonrpc.services.GenericEndpoint notify
WARNING: Unsupported notification method: metals/windowStateDidChange
Feb 21, 2025 3:26:58 PM org.eclipse.lsp4j.jsonrpc.services.GenericEndpoint notify
WARNING: Unsupported notification method: metals/windowStateDidChange
Feb 21, 2025 3:26:58 PM org.eclipse.lsp4j.jsonrpc.services.GenericEndpoint notify
WARNING: Unsupported notification method: metals/windowStateDidChange
Feb 21, 2025 3:27:37 PM org.eclipse.lsp4j.jsonrpc.services.GenericEndpoint notify
WARNING: Unsupported notification method: metals/windowStateDidChange
Feb 21, 2025 3:27:37 PM org.eclipse.lsp4j.jsonrpc.services.GenericEndpoint notify
WARNING: Unsupported notification method: metals/windowStateDidChange
Feb 21, 2025 3:27:47 PM org.eclipse.lsp4j.jsonrpc.services.GenericEndpoint notify
WARNING: Unsupported notification method: metals/windowStateDidChange
Feb 21, 2025 3:27:48 PM org.eclipse.lsp4j.jsonrpc.services.GenericEndpoint notify
WARNING: Unsupported notification method: metals/windowStateDidChange
Feb 21, 2025 3:28:08 PM org.eclipse.lsp4j.jsonrpc.services.GenericEndpoint notify
WARNING: Unsupported notification method: metals/windowStateDidChange
Feb 21, 2025 4:15:15 PM org.eclipse.lsp4j.jsonrpc.services.GenericEndpoint notify
WARNING: Unsupported notification method: metals/windowStateDidChange
Feb 21, 2025 4:15:18 PM org.eclipse.lsp4j.jsonrpc.services.GenericEndpoint notify
WARNING: Unsupported notification method: metals/windowStateDidChange
Feb 21, 2025 4:15:18 PM org.eclipse.lsp4j.jsonrpc.services.GenericEndpoint notify
WARNING: Unsupported notification method: metals/windowStateDidChange
Feb 21, 2025 4:15:19 PM org.eclipse.lsp4j.jsonrpc.services.GenericEndpoint notify
WARNING: Unsupported notification method: metals/windowStateDidChange
Feb 21, 2025 4:15:36 PM org.eclipse.lsp4j.jsonrpc.services.GenericEndpoint notify
WARNING: Unsupported notification method: metals/windowStateDidChange
Feb 21, 2025 4:16:28 PM org.eclipse.lsp4j.jsonrpc.services.GenericEndpoint notify
WARNING: Unsupported notification method: metals/windowStateDidChange
Feb 21, 2025 4:16:39 PM org.eclipse.lsp4j.jsonrpc.services.GenericEndpoint notify
WARNING: Unsupported notification method: metals/windowStateDidChange
Feb 21, 2025 4:16:40 PM org.eclipse.lsp4j.jsonrpc.services.GenericEndpoint notify
WARNING: Unsupported notification method: metals/windowStateDidChange
Feb 21, 2025 4:16:40 PM org.eclipse.lsp4j.jsonrpc.services.GenericEndpoint notify
WARNING: Unsupported notification method: metals/windowStateDidChange
Feb 21, 2025 4:17:50 PM org.eclipse.lsp4j.jsonrpc.services.GenericEndpoint notify
WARNING: Unsupported notification method: metals/windowStateDidChange
Feb 21, 2025 4:29:57 PM org.eclipse.lsp4j.jsonrpc.services.GenericEndpoint notify
WARNING: Unsupported notification method: metals/windowStateDidChange
Feb 21, 2025 4:29:58 PM org.eclipse.lsp4j.jsonrpc.services.GenericEndpoint notify
WARNING: Unsupported notification method: metals/windowStateDidChange
Feb 21, 2025 4:29:58 PM org.eclipse.lsp4j.jsonrpc.services.GenericEndpoint notify
WARNING: Unsupported notification method: metals/windowStateDidChange
Feb 21, 2025 4:30:37 PM org.eclipse.lsp4j.jsonrpc.services.GenericEndpoint notify
WARNING: Unsupported notification method: metals/windowStateDidChange
Feb 21, 2025 4:30:39 PM org.eclipse.lsp4j.jsonrpc.services.GenericEndpoint notify
WARNING: Unsupported notification method: metals/windowStateDidChange
Feb 21, 2025 4:30:41 PM org.eclipse.lsp4j.jsonrpc.services.GenericEndpoint notify
WARNING: Unsupported notification method: metals/windowStateDidChange
Feb 21, 2025 4:30:56 PM org.eclipse.lsp4j.jsonrpc.services.GenericEndpoint notify
WARNING: Unsupported notification method: metals/windowStateDidChange
Feb 21, 2025 4:31:04 PM org.eclipse.lsp4j.jsonrpc.services.GenericEndpoint notify
WARNING: Unsupported notification method: metals/windowStateDidChange
Feb 21, 2025 4:31:28 PM org.eclipse.lsp4j.jsonrpc.services.GenericEndpoint notify
WARNING: Unsupported notification method: metals/windowStateDidChange
Feb 21, 2025 4:32:08 PM org.eclipse.lsp4j.jsonrpc.services.GenericEndpoint notify
WARNING: Unsupported notification method: metals/windowStateDidChange
Feb 21, 2025 4:39:15 PM org.eclipse.lsp4j.jsonrpc.services.GenericEndpoint notify
WARNING: Unsupported notification method: metals/windowStateDidChange
Feb 21, 2025 4:39:16 PM org.eclipse.lsp4j.jsonrpc.services.GenericEndpoint notify
WARNING: Unsupported notification method: metals/windowStateDidChange
Feb 21, 2025 4:39:16 PM org.eclipse.lsp4j.jsonrpc.services.GenericEndpoint notify
WARNING: Unsupported notification method: metals/windowStateDidChange
Feb 21, 2025 4:39:17 PM org.eclipse.lsp4j.jsonrpc.services.GenericEndpoint notify
WARNING: Unsupported notification method: metals/windowStateDidChange
Feb 21, 2025 4:39:18 PM org.eclipse.lsp4j.jsonrpc.services.GenericEndpoint notify
WARNING: Unsupported notification method: metals/windowStateDidChange
Feb 21, 2025 4:39:50 PM org.eclipse.lsp4j.jsonrpc.services.GenericEndpoint notify
WARNING: Unsupported notification method: metals/windowStateDidChange
Feb 21, 2025 4:39:51 PM org.eclipse.lsp4j.jsonrpc.services.GenericEndpoint notify
WARNING: Unsupported notification method: metals/windowStateDidChange
Feb 21, 2025 4:39:55 PM org.eclipse.lsp4j.jsonrpc.services.GenericEndpoint notify
WARNING: Unsupported notification method: metals/windowStateDidChange
Feb 21, 2025 4:39:56 PM org.eclipse.lsp4j.jsonrpc.services.GenericEndpoint notify
WARNING: Unsupported notification method: metals/windowStateDidChange
Feb 21, 2025 4:40:56 PM org.eclipse.lsp4j.jsonrpc.services.GenericEndpoint notify
WARNING: Unsupported notification method: metals/windowStateDidChange
Feb 21, 2025 4:41:14 PM org.eclipse.lsp4j.jsonrpc.services.GenericEndpoint notify
WARNING: Unsupported notification method: metals/windowStateDidChange
Feb 21, 2025 4:41:16 PM org.eclipse.lsp4j.jsonrpc.services.GenericEndpoint notify
WARNING: Unsupported notification method: metals/windowStateDidChange
Feb 21, 2025 4:41:16 PM org.eclipse.lsp4j.jsonrpc.services.GenericEndpoint notify
WARNING: Unsupported notification method: metals/windowStateDidChange
Feb 21, 2025 4:41:22 PM org.eclipse.lsp4j.jsonrpc.services.GenericEndpoint notify
WARNING: Unsupported notification method: metals/windowStateDidChange
Feb 21, 2025 4:41:23 PM org.eclipse.lsp4j.jsonrpc.services.GenericEndpoint notify
WARNING: Unsupported notification method: metals/windowStateDidChange
Feb 21, 2025 4:42:26 PM org.eclipse.lsp4j.jsonrpc.services.GenericEndpoint notify
WARNING: Unsupported notification method: metals/windowStateDidChange
Feb 21, 2025 4:42:27 PM org.eclipse.lsp4j.jsonrpc.services.GenericEndpoint notify
WARNING: Unsupported notification method: metals/windowStateDidChange
Feb 21, 2025 4:42:28 PM org.eclipse.lsp4j.jsonrpc.services.GenericEndpoint notify
WARNING: Unsupported notification method: metals/windowStateDidChange
Feb 21, 2025 4:42:29 PM org.eclipse.lsp4j.jsonrpc.services.GenericEndpoint notify
WARNING: Unsupported notification method: metals/windowStateDidChange
Feb 21, 2025 4:42:31 PM org.eclipse.lsp4j.jsonrpc.services.GenericEndpoint notify
WARNING: Unsupported notification method: metals/windowStateDidChange
Feb 21, 2025 4:42:32 PM org.eclipse.lsp4j.jsonrpc.services.GenericEndpoint notify
WARNING: Unsupported notification method: metals/windowStateDidChange
Feb 21, 2025 4:42:41 PM org.eclipse.lsp4j.jsonrpc.services.GenericEndpoint notify
WARNING: Unsupported notification method: metals/windowStateDidChange
Feb 21, 2025 4:42:42 PM org.eclipse.lsp4j.jsonrpc.services.GenericEndpoint notify
WARNING: Unsupported notification method: metals/windowStateDidChange
Feb 21, 2025 4:42:49 PM org.eclipse.lsp4j.jsonrpc.services.GenericEndpoint notify
WARNING: Unsupported notification method: metals/windowStateDidChange
Feb 21, 2025 4:42:50 PM scala.meta.internal.metals.StdReporter $anonfun$create$1
SEVERE: empty definition using pc, found symbol in pc: `<none>`. (full report at: /Users/yongjian.tek/Desktop/language-tutorials/.metals/.reports/metals-full/2025-02-21/r_empty-definition_(language-tutorials_4b176b44ab)_12-28-26-057.md)
Feb 21, 2025 4:42:50 PM org.eclipse.lsp4j.jsonrpc.services.GenericEndpoint notify
WARNING: Unsupported notification method: metals/windowStateDidChange
Feb 21, 2025 4:43:13 PM org.eclipse.lsp4j.jsonrpc.services.GenericEndpoint notify
WARNING: Unsupported notification method: metals/windowStateDidChange
Feb 21, 2025 4:44:25 PM org.eclipse.lsp4j.jsonrpc.services.GenericEndpoint notify
WARNING: Unsupported notification method: metals/windowStateDidChange
Feb 21, 2025 4:45:08 PM org.eclipse.lsp4j.jsonrpc.services.GenericEndpoint notify
WARNING: Unsupported notification method: metals/windowStateDidChange
Feb 21, 2025 4:45:40 PM org.eclipse.lsp4j.jsonrpc.services.GenericEndpoint notify
WARNING: Unsupported notification method: metals/windowStateDidChange
Feb 21, 2025 4:45:41 PM org.eclipse.lsp4j.jsonrpc.services.GenericEndpoint notify
WARNING: Unsupported notification method: metals/windowStateDidChange
Feb 21, 2025 4:45:41 PM org.eclipse.lsp4j.jsonrpc.services.GenericEndpoint notify
WARNING: Unsupported notification method: metals/windowStateDidChange
Feb 21, 2025 4:45:55 PM org.eclipse.lsp4j.jsonrpc.services.GenericEndpoint notify
WARNING: Unsupported notification method: metals/windowStateDidChange
Feb 21, 2025 4:45:57 PM org.eclipse.lsp4j.jsonrpc.services.GenericEndpoint notify
WARNING: Unsupported notification method: metals/windowStateDidChange
Feb 21, 2025 4:46:07 PM org.eclipse.lsp4j.jsonrpc.services.GenericEndpoint notify
WARNING: Unsupported notification method: metals/windowStateDidChange
Feb 21, 2025 4:46:07 PM org.eclipse.lsp4j.jsonrpc.services.GenericEndpoint notify
WARNING: Unsupported notification method: metals/windowStateDidChange
Feb 21, 2025 4:46:21 PM org.eclipse.lsp4j.jsonrpc.services.GenericEndpoint notify
WARNING: Unsupported notification method: metals/windowStateDidChange
Feb 21, 2025 4:46:24 PM org.eclipse.lsp4j.jsonrpc.services.GenericEndpoint notify
WARNING: Unsupported notification method: metals/windowStateDidChange
Feb 21, 2025 4:46:29 PM org.eclipse.lsp4j.jsonrpc.services.GenericEndpoint notify
WARNING: Unsupported notification method: metals/windowStateDidChange
Feb 21, 2025 4:46:44 PM org.eclipse.lsp4j.jsonrpc.services.GenericEndpoint notify
WARNING: Unsupported notification method: metals/windowStateDidChange
Feb 21, 2025 4:47:51 PM org.eclipse.lsp4j.jsonrpc.services.GenericEndpoint notify
WARNING: Unsupported notification method: metals/windowStateDidChange
Feb 21, 2025 4:52:16 PM org.eclipse.lsp4j.jsonrpc.services.GenericEndpoint notify
WARNING: Unsupported notification method: metals/windowStateDidChange
Feb 21, 2025 4:52:17 PM org.eclipse.lsp4j.jsonrpc.services.GenericEndpoint notify
WARNING: Unsupported notification method: metals/windowStateDidChange
Feb 21, 2025 4:52:17 PM org.eclipse.lsp4j.jsonrpc.services.GenericEndpoint notify
WARNING: Unsupported notification method: metals/windowStateDidChange
Feb 21, 2025 4:52:31 PM org.eclipse.lsp4j.jsonrpc.services.GenericEndpoint notify
WARNING: Unsupported notification method: metals/windowStateDidChange
Feb 21, 2025 4:52:35 PM org.eclipse.lsp4j.jsonrpc.services.GenericEndpoint notify
WARNING: Unsupported notification method: metals/windowStateDidChange
Feb 21, 2025 4:52:51 PM org.eclipse.lsp4j.jsonrpc.services.GenericEndpoint notify
WARNING: Unsupported notification method: metals/windowStateDidChange
Feb 21, 2025 4:52:52 PM org.eclipse.lsp4j.jsonrpc.services.GenericEndpoint notify
WARNING: Unsupported notification method: metals/windowStateDidChange
Feb 21, 2025 4:53:06 PM org.eclipse.lsp4j.jsonrpc.services.GenericEndpoint notify
WARNING: Unsupported notification method: metals/windowStateDidChange
Feb 21, 2025 4:53:10 PM scala.meta.internal.metals.StdReporter $anonfun$create$1
SEVERE: empty definition using pc, found symbol in pc: `<none>`. (full report at: /Users/yongjian.tek/Desktop/language-tutorials/.metals/.reports/metals-full/2025-02-21/r_empty-definition_(language-tutorials_4b176b44ab)_12-28-26-057.md)
Feb 21, 2025 4:53:11 PM org.eclipse.lsp4j.jsonrpc.services.GenericEndpoint notify
WARNING: Unsupported notification method: metals/windowStateDidChange
Feb 21, 2025 4:53:57 PM org.eclipse.lsp4j.jsonrpc.services.GenericEndpoint notify
WARNING: Unsupported notification method: metals/windowStateDidChange
Feb 21, 2025 5:18:38 PM org.eclipse.lsp4j.jsonrpc.services.GenericEndpoint notify
WARNING: Unsupported notification method: metals/windowStateDidChange
Feb 21, 2025 5:18:40 PM org.eclipse.lsp4j.jsonrpc.services.GenericEndpoint notify
WARNING: Unsupported notification method: metals/windowStateDidChange
Feb 21, 2025 5:18:41 PM org.eclipse.lsp4j.jsonrpc.services.GenericEndpoint notify
WARNING: Unsupported notification method: metals/windowStateDidChange
Feb 21, 2025 5:19:50 PM org.eclipse.lsp4j.jsonrpc.services.GenericEndpoint notify
WARNING: Unsupported notification method: metals/windowStateDidChange
Feb 21, 2025 5:22:49 PM org.eclipse.lsp4j.jsonrpc.services.GenericEndpoint notify
WARNING: Unsupported notification method: metals/windowStateDidChange
Feb 21, 2025 5:22:50 PM org.eclipse.lsp4j.jsonrpc.services.GenericEndpoint notify
WARNING: Unsupported notification method: metals/windowStateDidChange
Feb 21, 2025 5:22:50 PM org.eclipse.lsp4j.jsonrpc.services.GenericEndpoint notify
WARNING: Unsupported notification method: metals/windowStateDidChange
Feb 21, 2025 5:22:53 PM org.eclipse.lsp4j.jsonrpc.services.GenericEndpoint notify
WARNING: Unsupported notification method: metals/windowStateDidChange
Feb 21, 2025 5:22:54 PM org.eclipse.lsp4j.jsonrpc.services.GenericEndpoint notify
WARNING: Unsupported notification method: metals/windowStateDidChange
Feb 21, 2025 5:24:00 PM org.eclipse.lsp4j.jsonrpc.services.GenericEndpoint notify
WARNING: Unsupported notification method: metals/windowStateDidChange
Feb 21, 2025 5:24:06 PM org.eclipse.lsp4j.jsonrpc.services.GenericEndpoint notify
WARNING: Unsupported notification method: metals/windowStateDidChange
Feb 21, 2025 5:24:07 PM org.eclipse.lsp4j.jsonrpc.services.GenericEndpoint notify
WARNING: Unsupported notification method: metals/windowStateDidChange
Feb 21, 2025 5:24:07 PM scala.meta.internal.metals.StdReporter $anonfun$create$1
SEVERE: empty definition using pc, found symbol in pc: `<none>`. (full report at: /Users/yongjian.tek/Desktop/language-tutorials/.metals/.reports/metals-full/2025-02-21/r_empty-definition_(language-tutorials_4b176b44ab)_12-28-26-057.md)
Feb 21, 2025 5:24:07 PM org.eclipse.lsp4j.jsonrpc.services.GenericEndpoint notify
WARNING: Unsupported notification method: metals/windowStateDidChange
Feb 21, 2025 5:24:12 PM org.eclipse.lsp4j.jsonrpc.services.GenericEndpoint notify
WARNING: Unsupported notification method: metals/windowStateDidChange
Feb 21, 2025 5:24:12 PM scala.meta.internal.metals.StdReporter $anonfun$create$1
SEVERE: empty definition using pc, found symbol in pc: `<none>`. (full report at: /Users/yongjian.tek/Desktop/language-tutorials/.metals/.reports/metals-full/2025-02-21/r_empty-definition_(language-tutorials_4b176b44ab)_12-28-26-057.md)
Feb 21, 2025 5:24:13 PM org.eclipse.lsp4j.jsonrpc.services.GenericEndpoint notify
WARNING: Unsupported notification method: metals/windowStateDidChange
Feb 21, 2025 5:24:15 PM org.eclipse.lsp4j.jsonrpc.services.GenericEndpoint notify
WARNING: Unsupported notification method: metals/windowStateDidChange
Feb 21, 2025 5:24:17 PM org.eclipse.lsp4j.jsonrpc.services.GenericEndpoint notify
WARNING: Unsupported notification method: metals/windowStateDidChange
Feb 21, 2025 5:24:40 PM org.eclipse.lsp4j.jsonrpc.services.GenericEndpoint notify
WARNING: Unsupported notification method: metals/windowStateDidChange
Feb 21, 2025 5:24:41 PM scala.meta.internal.metals.StdReporter $anonfun$create$1
SEVERE: empty definition using pc, found symbol in pc: `<none>`. (full report at: /Users/yongjian.tek/Desktop/language-tutorials/.metals/.reports/metals-full/2025-02-21/r_empty-definition_(language-tutorials_4b176b44ab)_12-28-26-057.md)
Feb 21, 2025 5:24:41 PM org.eclipse.lsp4j.jsonrpc.services.GenericEndpoint notify
WARNING: Unsupported notification method: metals/windowStateDidChange
Feb 21, 2025 5:24:52 PM org.eclipse.lsp4j.jsonrpc.services.GenericEndpoint notify
WARNING: Unsupported notification method: metals/windowStateDidChange
Feb 21, 2025 5:24:54 PM scala.meta.internal.metals.StdReporter $anonfun$create$1
SEVERE: empty definition using pc, found symbol in pc: `<none>`. (full report at: /Users/yongjian.tek/Desktop/language-tutorials/.metals/.reports/metals-full/2025-02-21/r_empty-definition_(language-tutorials_4b176b44ab)_12-28-26-057.md)
Feb 21, 2025 5:24:54 PM org.eclipse.lsp4j.jsonrpc.services.GenericEndpoint notify
WARNING: Unsupported notification method: metals/windowStateDidChange
Feb 21, 2025 5:25:11 PM org.eclipse.lsp4j.jsonrpc.services.GenericEndpoint notify
WARNING: Unsupported notification method: metals/windowStateDidChange
Feb 21, 2025 5:25:12 PM scala.meta.internal.metals.StdReporter $anonfun$create$1
SEVERE: empty definition using pc, found symbol in pc: `<none>`. (full report at: /Users/yongjian.tek/Desktop/language-tutorials/.metals/.reports/metals-full/2025-02-21/r_empty-definition_(language-tutorials_4b176b44ab)_12-28-26-057.md)
Feb 21, 2025 5:25:12 PM org.eclipse.lsp4j.jsonrpc.services.GenericEndpoint notify
WARNING: Unsupported notification method: metals/windowStateDidChange
Feb 21, 2025 5:26:17 PM org.eclipse.lsp4j.jsonrpc.services.GenericEndpoint notify
WARNING: Unsupported notification method: metals/windowStateDidChange
Feb 21, 2025 5:26:30 PM org.eclipse.lsp4j.jsonrpc.services.GenericEndpoint notify
WARNING: Unsupported notification method: metals/windowStateDidChange
Feb 21, 2025 5:26:31 PM org.eclipse.lsp4j.jsonrpc.services.GenericEndpoint notify
WARNING: Unsupported notification method: metals/windowStateDidChange
Feb 21, 2025 5:26:42 PM scala.meta.internal.metals.StdReporter $anonfun$create$1
SEVERE: empty definition using pc, found symbol in pc: `<none>`. (full report at: /Users/yongjian.tek/Desktop/language-tutorials/.metals/.reports/metals-full/2025-02-21/r_empty-definition_(language-tutorials_4b176b44ab)_12-28-26-057.md)
Feb 21, 2025 5:26:44 PM org.eclipse.lsp4j.jsonrpc.services.GenericEndpoint notify
WARNING: Unsupported notification method: metals/windowStateDidChange
Feb 21, 2025 5:26:47 PM org.eclipse.lsp4j.jsonrpc.services.GenericEndpoint notify
WARNING: Unsupported notification method: metals/windowStateDidChange
Feb 21, 2025 5:26:47 PM scala.meta.internal.metals.StdReporter $anonfun$create$1
SEVERE: empty definition using pc, found symbol in pc: `<none>`. (full report at: /Users/yongjian.tek/Desktop/language-tutorials/.metals/.reports/metals-full/2025-02-21/r_empty-definition_(language-tutorials_4b176b44ab)_12-28-26-057.md)
Feb 21, 2025 5:26:47 PM scala.meta.internal.metals.StdReporter $anonfun$create$1
SEVERE: empty definition using pc, found symbol in pc: `<none>`. (full report at: /Users/yongjian.tek/Desktop/language-tutorials/.metals/.reports/metals-full/2025-02-21/r_empty-definition_(language-tutorials_4b176b44ab)_12-28-26-057.md)
Feb 21, 2025 5:26:48 PM org.eclipse.lsp4j.jsonrpc.services.GenericEndpoint notify
WARNING: Unsupported notification method: metals/windowStateDidChange
Feb 21, 2025 5:26:50 PM org.eclipse.lsp4j.jsonrpc.services.GenericEndpoint notify
WARNING: Unsupported notification method: metals/windowStateDidChange
Feb 21, 2025 5:26:54 PM scala.meta.internal.metals.StdReporter $anonfun$create$1
SEVERE: empty definition using pc, found symbol in pc: `<none>`. (full report at: /Users/yongjian.tek/Desktop/language-tutorials/.metals/.reports/metals-full/2025-02-21/r_empty-definition_(language-tutorials_4b176b44ab)_12-28-26-057.md)
Feb 21, 2025 5:26:55 PM org.eclipse.lsp4j.jsonrpc.services.GenericEndpoint notify
WARNING: Unsupported notification method: metals/windowStateDidChange
Feb 21, 2025 5:27:41 PM org.eclipse.lsp4j.jsonrpc.services.GenericEndpoint notify
WARNING: Unsupported notification method: metals/windowStateDidChange
Feb 21, 2025 5:29:42 PM org.eclipse.lsp4j.jsonrpc.services.GenericEndpoint notify
WARNING: Unsupported notification method: metals/windowStateDidChange
Feb 21, 2025 5:29:44 PM org.eclipse.lsp4j.jsonrpc.services.GenericEndpoint notify
WARNING: Unsupported notification method: metals/windowStateDidChange
Feb 21, 2025 5:29:44 PM scala.meta.internal.metals.StdReporter $anonfun$create$1
SEVERE: empty definition using pc, found symbol in pc: `<none>`. (full report at: /Users/yongjian.tek/Desktop/language-tutorials/.metals/.reports/metals-full/2025-02-21/r_empty-definition_(language-tutorials_4b176b44ab)_12-28-26-057.md)
Feb 21, 2025 5:29:45 PM org.eclipse.lsp4j.jsonrpc.services.GenericEndpoint notify
WARNING: Unsupported notification method: metals/windowStateDidChange
Feb 21, 2025 5:29:46 PM org.eclipse.lsp4j.jsonrpc.services.GenericEndpoint notify
WARNING: Unsupported notification method: metals/windowStateDidChange
Feb 21, 2025 5:29:47 PM scala.meta.internal.metals.StdReporter $anonfun$create$1
SEVERE: empty definition using pc, found symbol in pc: `<none>`. (full report at: /Users/yongjian.tek/Desktop/language-tutorials/.metals/.reports/metals-full/2025-02-21/r_empty-definition_(language-tutorials_4b176b44ab)_12-28-26-057.md)
Feb 21, 2025 5:29:47 PM org.eclipse.lsp4j.jsonrpc.services.GenericEndpoint notify
WARNING: Unsupported notification method: metals/windowStateDidChange
Feb 21, 2025 5:30:15 PM org.eclipse.lsp4j.jsonrpc.services.GenericEndpoint notify
WARNING: Unsupported notification method: metals/windowStateDidChange
2025.02.21 17:30:54 INFO  compiling language-tutorials_4b176b44ab (66 scala sources and 292 java sources)
2025.02.21 17:30:56 INFO  time: compiled language-tutorials_4b176b44ab in 1.28s
2025.02.21 17:31:05 INFO  compiling language-tutorials_4b176b44ab (66 scala sources and 292 java sources)
2025.02.21 17:31:06 INFO  time: compiled language-tutorials_4b176b44ab in 1.36s
2025.02.21 17:31:26 INFO  compiling language-tutorials_4b176b44ab (66 scala sources and 292 java sources)
2025.02.21 17:31:27 INFO  time: compiled language-tutorials_4b176b44ab in 1.5s
Feb 21, 2025 5:31:35 PM org.eclipse.lsp4j.jsonrpc.services.GenericEndpoint notify
WARNING: Unsupported notification method: metals/windowStateDidChange
Feb 21, 2025 5:31:36 PM org.eclipse.lsp4j.jsonrpc.services.GenericEndpoint notify
WARNING: Unsupported notification method: metals/windowStateDidChange
Feb 21, 2025 5:31:36 PM org.eclipse.lsp4j.jsonrpc.services.GenericEndpoint notify
WARNING: Unsupported notification method: metals/windowStateDidChange
Feb 21, 2025 5:31:46 PM org.eclipse.lsp4j.jsonrpc.services.GenericEndpoint notify
WARNING: Unsupported notification method: metals/windowStateDidChange
Feb 21, 2025 5:31:51 PM org.eclipse.lsp4j.jsonrpc.services.GenericEndpoint notify
WARNING: Unsupported notification method: metals/windowStateDidChange
Feb 21, 2025 5:31:52 PM org.eclipse.lsp4j.jsonrpc.services.GenericEndpoint notify
WARNING: Unsupported notification method: metals/windowStateDidChange
Feb 21, 2025 5:31:54 PM org.eclipse.lsp4j.jsonrpc.services.GenericEndpoint notify
WARNING: Unsupported notification method: metals/windowStateDidChange
Feb 21, 2025 5:32:06 PM org.eclipse.lsp4j.jsonrpc.services.GenericEndpoint notify
WARNING: Unsupported notification method: metals/windowStateDidChange
Feb 21, 2025 5:32:15 PM org.eclipse.lsp4j.jsonrpc.RemoteEndpoint handleCancellation
WARNING: Unmatched cancel notification for request id 6163
2025.02.21 17:32:48 INFO  compiling language-tutorials_4b176b44ab (66 scala sources and 292 java sources)
2025.02.21 17:32:49 INFO  time: compiled language-tutorials_4b176b44ab in 1.32s
2025.02.21 17:32:53 INFO  compiling language-tutorials_4b176b44ab (66 scala sources and 292 java sources)
2025.02.21 17:32:54 INFO  time: compiled language-tutorials_4b176b44ab in 1.16s
Feb 21, 2025 5:33:09 PM org.eclipse.lsp4j.jsonrpc.services.GenericEndpoint notify
WARNING: Unsupported notification method: metals/windowStateDidChange
Feb 21, 2025 5:33:54 PM org.eclipse.lsp4j.jsonrpc.services.GenericEndpoint notify
WARNING: Unsupported notification method: metals/windowStateDidChange
Feb 21, 2025 5:36:09 PM org.eclipse.lsp4j.jsonrpc.services.GenericEndpoint notify
WARNING: Unsupported notification method: metals/windowStateDidChange
Feb 21, 2025 5:36:11 PM org.eclipse.lsp4j.jsonrpc.services.GenericEndpoint notify
WARNING: Unsupported notification method: metals/windowStateDidChange
Feb 21, 2025 5:36:11 PM scala.meta.internal.metals.StdReporter $anonfun$create$1
SEVERE: empty definition using pc, found symbol in pc: `<none>`. (full report at: /Users/yongjian.tek/Desktop/language-tutorials/.metals/.reports/metals-full/2025-02-21/r_empty-definition_(language-tutorials_4b176b44ab)_12-28-26-057.md)
Feb 21, 2025 5:36:11 PM org.eclipse.lsp4j.jsonrpc.services.GenericEndpoint notify
WARNING: Unsupported notification method: metals/windowStateDidChange
Feb 21, 2025 5:37:21 PM org.eclipse.lsp4j.jsonrpc.services.GenericEndpoint notify
WARNING: Unsupported notification method: metals/windowStateDidChange
Feb 21, 2025 5:37:55 PM org.eclipse.lsp4j.jsonrpc.services.GenericEndpoint notify
WARNING: Unsupported notification method: metals/windowStateDidChange
Feb 21, 2025 5:37:57 PM org.eclipse.lsp4j.jsonrpc.services.GenericEndpoint notify
WARNING: Unsupported notification method: metals/windowStateDidChange
2025.02.21 17:38:06 INFO  compiling language-tutorials_4b176b44ab (66 scala sources and 292 java sources)
2025.02.21 17:38:07 INFO  time: compiled language-tutorials_4b176b44ab in 1.24s
Feb 21, 2025 5:38:10 PM scala.meta.internal.metals.StdReporter $anonfun$create$1
SEVERE: empty definition using pc, found symbol in pc: `<none>`. (full report at: /Users/yongjian.tek/Desktop/language-tutorials/.metals/.reports/metals-full/2025-02-21/r_empty-definition_(language-tutorials_4b176b44ab)_12-28-26-057.md)
2025.02.21 17:38:14 INFO  compiling language-tutorials_4b176b44ab (66 scala sources and 292 java sources)
Feb 21, 2025 5:38:15 PM scala.meta.internal.metals.StdReporter $anonfun$create$1
SEVERE: empty definition using pc, found symbol in pc: `<none>`. (full report at: /Users/yongjian.tek/Desktop/language-tutorials/.metals/.reports/metals-full/2025-02-21/r_empty-definition_(language-tutorials_4b176b44ab)_12-28-26-057.md)
Feb 21, 2025 5:38:15 PM scala.meta.internal.metals.StdReporter $anonfun$create$1
SEVERE: empty definition using pc, found symbol in pc: `<none>`. (full report at: /Users/yongjian.tek/Desktop/language-tutorials/.metals/.reports/metals-full/2025-02-21/r_empty-definition_(language-tutorials_4b176b44ab)_12-28-26-057.md)
Feb 21, 2025 5:38:15 PM scala.meta.internal.metals.StdReporter $anonfun$create$1
SEVERE: empty definition using pc, found symbol in pc: `<none>`. (full report at: /Users/yongjian.tek/Desktop/language-tutorials/.metals/.reports/metals-full/2025-02-21/r_empty-definition_(language-tutorials_4b176b44ab)_12-28-26-057.md)
2025.02.21 17:38:15 INFO  time: compiled language-tutorials_4b176b44ab in 1.28s
2025.02.21 17:38:17 INFO  compiling language-tutorials_4b176b44ab (66 scala sources and 292 java sources)
2025.02.21 17:38:18 INFO  time: compiled language-tutorials_4b176b44ab in 1.07s
Feb 21, 2025 5:38:27 PM scala.meta.internal.metals.StdReporter $anonfun$create$1
SEVERE: empty definition using pc, found symbol in pc: `<none>`. (full report at: /Users/yongjian.tek/Desktop/language-tutorials/.metals/.reports/metals-full/2025-02-21/r_empty-definition_(language-tutorials_4b176b44ab)_12-28-26-057.md)
Feb 21, 2025 5:38:40 PM scala.meta.internal.metals.StdReporter $anonfun$create$1
SEVERE: empty definition using pc, found symbol in pc: `<none>`. (full report at: /Users/yongjian.tek/Desktop/language-tutorials/.metals/.reports/metals-full/2025-02-21/r_empty-definition_(language-tutorials_4b176b44ab)_12-28-26-057.md)
Feb 21, 2025 5:38:40 PM scala.meta.internal.metals.StdReporter $anonfun$create$1
SEVERE: empty definition using pc, found symbol in pc: `<none>`. (full report at: /Users/yongjian.tek/Desktop/language-tutorials/.metals/.reports/metals-full/2025-02-21/r_empty-definition_(language-tutorials_4b176b44ab)_12-28-26-057.md)
2025.02.21 17:38:44 INFO  compiling language-tutorials_4b176b44ab (66 scala sources and 292 java sources)
2025.02.21 17:38:45 INFO  time: compiled language-tutorials_4b176b44ab in 1.36s
2025.02.21 17:38:50 INFO  compiling language-tutorials_4b176b44ab (66 scala sources and 292 java sources)
2025.02.21 17:38:52 INFO  time: compiled language-tutorials_4b176b44ab in 1.13s
2025.02.21 17:39:03 INFO  compiling language-tutorials_4b176b44ab (66 scala sources and 292 java sources)
Feb 21, 2025 5:39:04 PM scala.meta.internal.metals.StdReporter $anonfun$create$1
SEVERE: empty definition using pc, found symbol in pc: `<none>`. (full report at: /Users/yongjian.tek/Desktop/language-tutorials/.metals/.reports/metals-full/2025-02-21/r_empty-definition_(language-tutorials_4b176b44ab)_12-28-26-057.md)
2025.02.21 17:39:05 INFO  time: compiled language-tutorials_4b176b44ab in 1.38s
Feb 21, 2025 5:39:06 PM scala.meta.internal.metals.StdReporter $anonfun$create$1
SEVERE: empty definition using pc, found symbol in pc: `<none>`. (full report at: /Users/yongjian.tek/Desktop/language-tutorials/.metals/.reports/metals-full/2025-02-21/r_empty-definition_(language-tutorials_4b176b44ab)_12-28-26-057.md)
2025.02.21 17:39:07 INFO  compiling language-tutorials_4b176b44ab (66 scala sources and 292 java sources)
2025.02.21 17:39:09 INFO  time: compiled language-tutorials_4b176b44ab in 1.25s
Feb 21, 2025 5:39:09 PM org.eclipse.lsp4j.jsonrpc.services.GenericEndpoint notify
WARNING: Unsupported notification method: metals/windowStateDidChange
Feb 21, 2025 5:40:07 PM org.eclipse.lsp4j.jsonrpc.services.GenericEndpoint notify
WARNING: Unsupported notification method: metals/windowStateDidChange
Feb 21, 2025 5:44:12 PM org.eclipse.lsp4j.jsonrpc.services.GenericEndpoint notify
WARNING: Unsupported notification method: metals/windowStateDidChange
Feb 21, 2025 5:44:14 PM org.eclipse.lsp4j.jsonrpc.services.GenericEndpoint notify
WARNING: Unsupported notification method: metals/windowStateDidChange
Feb 21, 2025 5:44:14 PM scala.meta.internal.metals.StdReporter $anonfun$create$1
SEVERE: empty definition using pc, found symbol in pc: `<none>`. (full report at: /Users/yongjian.tek/Desktop/language-tutorials/.metals/.reports/metals-full/2025-02-21/r_empty-definition_(language-tutorials_4b176b44ab)_12-28-26-057.md)
Feb 21, 2025 5:44:14 PM org.eclipse.lsp4j.jsonrpc.services.GenericEndpoint notify
WARNING: Unsupported notification method: metals/windowStateDidChange
Feb 21, 2025 5:44:21 PM org.eclipse.lsp4j.jsonrpc.services.GenericEndpoint notify
WARNING: Unsupported notification method: metals/windowStateDidChange
Feb 21, 2025 5:45:00 PM org.eclipse.lsp4j.jsonrpc.services.GenericEndpoint notify
WARNING: Unsupported notification method: metals/windowStateDidChange
Feb 21, 2025 5:45:03 PM org.eclipse.lsp4j.jsonrpc.services.GenericEndpoint notify
WARNING: Unsupported notification method: metals/windowStateDidChange
Feb 21, 2025 5:45:15 PM org.eclipse.lsp4j.jsonrpc.services.GenericEndpoint notify
WARNING: Unsupported notification method: metals/windowStateDidChange
Feb 21, 2025 5:45:24 PM org.eclipse.lsp4j.jsonrpc.services.GenericEndpoint notify
WARNING: Unsupported notification method: metals/windowStateDidChange
Feb 21, 2025 5:45:42 PM scala.meta.internal.metals.StdReporter $anonfun$create$1
SEVERE: expected identifier; obtained at (full report at: /Users/yongjian.tek/Desktop/language-tutorials/.metals/.reports/metals/2025-02-21/r_scala-toplevel-mtags_17-45-42-229.md)
Feb 21, 2025 5:45:42 PM scala.meta.internal.metals.StdReporter $anonfun$create$1
SEVERE: empty definition using pc, found symbol in pc: `<none>`. (full report at: /Users/yongjian.tek/Desktop/language-tutorials/.metals/.reports/metals-full/2025-02-21/r_empty-definition_(language-tutorials_4b176b44ab)_12-28-26-057.md)
Feb 21, 2025 5:45:42 PM org.eclipse.lsp4j.jsonrpc.services.GenericEndpoint notify
WARNING: Unsupported notification method: metals/windowStateDidChange
2025.02.21 17:45:42 INFO  compiling language-tutorials_4b176b44ab (66 scala sources and 292 java sources)
2025.02.21 17:45:44 INFO  time: compiled language-tutorials_4b176b44ab in 1.32s
Feb 21, 2025 5:45:45 PM org.eclipse.lsp4j.jsonrpc.services.GenericEndpoint notify
WARNING: Unsupported notification method: metals/windowStateDidChange
Feb 21, 2025 5:45:51 PM scala.meta.internal.metals.StdReporter $anonfun$create$1
SEVERE: empty definition using pc, found symbol in pc: `<none>`. (full report at: /Users/yongjian.tek/Desktop/language-tutorials/.metals/.reports/metals-full/2025-02-21/r_empty-definition_(language-tutorials_4b176b44ab)_12-28-26-057.md)
Feb 21, 2025 5:45:52 PM scala.meta.internal.metals.StdReporter $anonfun$create$1
SEVERE: empty definition using pc, found symbol in pc: `<none>`. (full report at: /Users/yongjian.tek/Desktop/language-tutorials/.metals/.reports/metals-full/2025-02-21/r_empty-definition_(language-tutorials_4b176b44ab)_12-28-26-057.md)
2025.02.21 17:45:55 INFO  compiling language-tutorials_4b176b44ab (66 scala sources and 292 java sources)
2025.02.21 17:45:56 INFO  time: compiled language-tutorials_4b176b44ab in 1.23s
2025.02.21 17:45:58 INFO  compiling language-tutorials_4b176b44ab (66 scala sources and 292 java sources)
2025.02.21 17:45:59 INFO  time: compiled language-tutorials_4b176b44ab in 1.26s
2025.02.21 17:46:23 INFO  compiling language-tutorials_4b176b44ab (66 scala sources and 292 java sources)
2025.02.21 17:46:25 INFO  time: compiled language-tutorials_4b176b44ab in 1.44s
Feb 21, 2025 5:46:55 PM org.eclipse.lsp4j.jsonrpc.services.GenericEndpoint notify
WARNING: Unsupported notification method: metals/windowStateDidChange
Feb 21, 2025 5:47:30 PM org.eclipse.lsp4j.jsonrpc.services.GenericEndpoint notify
WARNING: Unsupported notification method: metals/windowStateDidChange
Feb 21, 2025 5:47:31 PM org.eclipse.lsp4j.jsonrpc.services.GenericEndpoint notify
WARNING: Unsupported notification method: metals/windowStateDidChange
Feb 21, 2025 5:47:31 PM scala.meta.internal.metals.StdReporter $anonfun$create$1
SEVERE: empty definition using pc, found symbol in pc: `<none>`. (full report at: /Users/yongjian.tek/Desktop/language-tutorials/.metals/.reports/metals-full/2025-02-21/r_empty-definition_(language-tutorials_4b176b44ab)_12-28-26-057.md)
Feb 21, 2025 5:47:37 PM org.eclipse.lsp4j.jsonrpc.services.GenericEndpoint notify
WARNING: Unsupported notification method: metals/windowStateDidChange
2025.02.21 17:47:39 INFO  compiling language-tutorials_4b176b44ab (66 scala sources and 292 java sources)
2025.02.21 17:47:41 INFO  time: compiled language-tutorials_4b176b44ab in 1.29s
2025.02.21 17:47:44 INFO  compiling language-tutorials_4b176b44ab (66 scala sources and 292 java sources)
2025.02.21 17:47:45 INFO  time: compiled language-tutorials_4b176b44ab in 1.22s
2025.02.21 17:48:22 INFO  compiling language-tutorials_4b176b44ab (66 scala sources and 292 java sources)
2025.02.21 17:48:24 INFO  time: compiled language-tutorials_4b176b44ab in 1.48s
2025.02.21 17:48:29 INFO  compiling language-tutorials_4b176b44ab (66 scala sources and 292 java sources)
2025.02.21 17:48:31 INFO  time: compiled language-tutorials_4b176b44ab in 1.33s
2025.02.21 17:48:33 INFO  compiling language-tutorials_4b176b44ab (66 scala sources and 292 java sources)
2025.02.21 17:48:34 INFO  time: compiled language-tutorials_4b176b44ab in 1.16s
Feb 21, 2025 5:48:47 PM org.eclipse.lsp4j.jsonrpc.RemoteEndpoint handleCancellation
WARNING: Unmatched cancel notification for request id 7412
2025.02.21 17:49:02 INFO  compiling language-tutorials_4b176b44ab (66 scala sources and 292 java sources)
2025.02.21 17:49:04 INFO  time: compiled language-tutorials_4b176b44ab in 1.42s
Feb 21, 2025 5:49:18 PM org.eclipse.lsp4j.jsonrpc.services.GenericEndpoint notify
WARNING: Unsupported notification method: metals/windowStateDidChange
Feb 21, 2025 5:49:19 PM org.eclipse.lsp4j.jsonrpc.services.GenericEndpoint notify
WARNING: Unsupported notification method: metals/windowStateDidChange
Feb 21, 2025 5:49:20 PM org.eclipse.lsp4j.jsonrpc.services.GenericEndpoint notify
WARNING: Unsupported notification method: metals/windowStateDidChange
Feb 21, 2025 5:49:41 PM org.eclipse.lsp4j.jsonrpc.services.GenericEndpoint notify
WARNING: Unsupported notification method: metals/windowStateDidChange
2025.02.21 17:50:21 INFO  compiling language-tutorials_4b176b44ab (66 scala sources and 292 java sources)
2025.02.21 17:50:22 INFO  time: compiled language-tutorials_4b176b44ab in 1.31s
Feb 21, 2025 5:50:49 PM org.eclipse.lsp4j.jsonrpc.RemoteEndpoint handleCancellation
WARNING: Unmatched cancel notification for request id 7855
Feb 21, 2025 5:51:05 PM org.eclipse.lsp4j.jsonrpc.services.GenericEndpoint notify
WARNING: Unsupported notification method: metals/windowStateDidChange
Feb 21, 2025 5:51:54 PM org.eclipse.lsp4j.jsonrpc.services.GenericEndpoint notify
WARNING: Unsupported notification method: metals/windowStateDidChange
Feb 21, 2025 5:52:03 PM org.eclipse.lsp4j.jsonrpc.services.GenericEndpoint notify
WARNING: Unsupported notification method: metals/windowStateDidChange
Feb 21, 2025 5:52:35 PM org.eclipse.lsp4j.jsonrpc.services.GenericEndpoint notify
WARNING: Unsupported notification method: metals/windowStateDidChange
Feb 21, 2025 5:52:35 PM org.eclipse.lsp4j.jsonrpc.services.GenericEndpoint notify
WARNING: Unsupported notification method: metals/windowStateDidChange
Feb 21, 2025 5:52:36 PM org.eclipse.lsp4j.jsonrpc.services.GenericEndpoint notify
WARNING: Unsupported notification method: metals/windowStateDidChange
Feb 21, 2025 5:52:39 PM org.eclipse.lsp4j.jsonrpc.services.GenericEndpoint notify
WARNING: Unsupported notification method: metals/windowStateDidChange
Feb 21, 2025 5:53:00 PM org.eclipse.lsp4j.jsonrpc.services.GenericEndpoint notify
WARNING: Unsupported notification method: metals/windowStateDidChange
Feb 21, 2025 5:53:02 PM org.eclipse.lsp4j.jsonrpc.services.GenericEndpoint notify
WARNING: Unsupported notification method: metals/windowStateDidChange
Feb 21, 2025 5:53:07 PM org.eclipse.lsp4j.jsonrpc.services.GenericEndpoint notify
WARNING: Unsupported notification method: metals/windowStateDidChange
2025.02.21 17:53:11 INFO  compiling language-tutorials_4b176b44ab (66 scala sources and 292 java sources)
Feb 21, 2025 5:53:12 PM org.eclipse.lsp4j.jsonrpc.services.GenericEndpoint notify
WARNING: Unsupported notification method: metals/windowStateDidChange
2025.02.21 17:53:13 INFO  time: compiled language-tutorials_4b176b44ab in 1.39s
Feb 21, 2025 5:53:14 PM org.eclipse.lsp4j.jsonrpc.services.GenericEndpoint notify
WARNING: Unsupported notification method: metals/windowStateDidChange
Feb 21, 2025 5:53:16 PM scala.meta.internal.metals.StdReporter $anonfun$create$1
SEVERE: empty definition using pc, found symbol in pc: `<none>`. (full report at: /Users/yongjian.tek/Desktop/language-tutorials/.metals/.reports/metals-full/2025-02-21/r_empty-definition_(language-tutorials_4b176b44ab)_12-28-26-057.md)
Feb 21, 2025 5:53:21 PM org.eclipse.lsp4j.jsonrpc.services.GenericEndpoint notify
WARNING: Unsupported notification method: metals/windowStateDidChange
Feb 21, 2025 5:53:28 PM org.eclipse.lsp4j.jsonrpc.services.GenericEndpoint notify
WARNING: Unsupported notification method: metals/windowStateDidChange
Feb 21, 2025 5:53:30 PM org.eclipse.lsp4j.jsonrpc.services.GenericEndpoint notify
WARNING: Unsupported notification method: metals/windowStateDidChange
Feb 21, 2025 5:53:31 PM org.eclipse.lsp4j.jsonrpc.services.GenericEndpoint notify
WARNING: Unsupported notification method: metals/windowStateDidChange
2025.02.21 17:53:36 INFO  compiling language-tutorials_4b176b44ab (66 scala sources and 292 java sources)
2025.02.21 17:53:38 INFO  time: compiled language-tutorials_4b176b44ab in 1.52s
2025.02.21 17:53:44 INFO  compiling language-tutorials_4b176b44ab (66 scala sources and 292 java sources)
2025.02.21 17:53:45 INFO  time: compiled language-tutorials_4b176b44ab in 1.48s
2025.02.21 17:54:06 INFO  compiling language-tutorials_4b176b44ab (66 scala sources and 292 java sources)
2025.02.21 17:54:07 INFO  time: compiled language-tutorials_4b176b44ab in 1.55s
2025.02.21 17:54:10 INFO  compiling language-tutorials_4b176b44ab (66 scala sources and 292 java sources)
2025.02.21 17:54:11 INFO  time: compiled language-tutorials_4b176b44ab in 1.56s
2025.02.21 17:54:27 INFO  compiling language-tutorials_4b176b44ab (66 scala sources and 292 java sources)
2025.02.21 17:54:29 INFO  time: compiled language-tutorials_4b176b44ab in 1.49s
Feb 21, 2025 5:54:48 PM org.eclipse.lsp4j.jsonrpc.services.GenericEndpoint notify
WARNING: Unsupported notification method: metals/windowStateDidChange
Feb 21, 2025 5:54:51 PM org.eclipse.lsp4j.jsonrpc.services.GenericEndpoint notify
WARNING: Unsupported notification method: metals/windowStateDidChange
Feb 21, 2025 5:54:53 PM org.eclipse.lsp4j.jsonrpc.services.GenericEndpoint notify
WARNING: Unsupported notification method: metals/windowStateDidChange
Feb 21, 2025 5:54:56 PM org.eclipse.lsp4j.jsonrpc.services.GenericEndpoint notify
WARNING: Unsupported notification method: metals/windowStateDidChange
Feb 21, 2025 5:54:58 PM org.eclipse.lsp4j.jsonrpc.services.GenericEndpoint notify
WARNING: Unsupported notification method: metals/windowStateDidChange
Feb 21, 2025 5:55:10 PM org.eclipse.lsp4j.jsonrpc.services.GenericEndpoint notify
WARNING: Unsupported notification method: metals/windowStateDidChange
Feb 21, 2025 5:55:11 PM org.eclipse.lsp4j.jsonrpc.services.GenericEndpoint notify
WARNING: Unsupported notification method: metals/windowStateDidChange
Feb 21, 2025 5:55:14 PM org.eclipse.lsp4j.jsonrpc.services.GenericEndpoint notify
WARNING: Unsupported notification method: metals/windowStateDidChange
2025.02.21 17:55:36 INFO  compiling language-tutorials_4b176b44ab (66 scala sources and 292 java sources)
2025.02.21 17:55:37 INFO  time: compiled language-tutorials_4b176b44ab in 1.43s
2025.02.21 17:55:50 INFO  compiling language-tutorials_4b176b44ab (66 scala sources and 292 java sources)
2025.02.21 17:55:52 INFO  time: compiled language-tutorials_4b176b44ab in 1.58s
Feb 21, 2025 5:56:08 PM org.eclipse.lsp4j.jsonrpc.RemoteEndpoint handleCancellation
WARNING: Unmatched cancel notification for request id 8480
2025.02.21 17:56:15 INFO  compiling language-tutorials_4b176b44ab (66 scala sources and 292 java sources)
2025.02.21 17:56:16 INFO  time: compiled language-tutorials_4b176b44ab in 1.34s
Feb 21, 2025 5:56:29 PM scala.meta.internal.metals.StdReporter $anonfun$create$1
SEVERE: empty definition using pc, found symbol in pc: `<none>`. (full report at: /Users/yongjian.tek/Desktop/language-tutorials/.metals/.reports/metals-full/2025-02-21/r_empty-definition_(language-tutorials_4b176b44ab)_12-28-26-057.md)
Feb 21, 2025 5:56:32 PM org.eclipse.lsp4j.jsonrpc.services.GenericEndpoint notify
WARNING: Unsupported notification method: metals/windowStateDidChange
Feb 21, 2025 5:56:34 PM org.eclipse.lsp4j.jsonrpc.services.GenericEndpoint notify
WARNING: Unsupported notification method: metals/windowStateDidChange
Feb 21, 2025 5:56:35 PM org.eclipse.lsp4j.jsonrpc.services.GenericEndpoint notify
WARNING: Unsupported notification method: metals/windowStateDidChange
Feb 21, 2025 5:56:36 PM org.eclipse.lsp4j.jsonrpc.services.GenericEndpoint notify
WARNING: Unsupported notification method: metals/windowStateDidChange
Feb 21, 2025 5:56:37 PM org.eclipse.lsp4j.jsonrpc.services.GenericEndpoint notify
WARNING: Unsupported notification method: metals/windowStateDidChange
Feb 21, 2025 5:56:38 PM org.eclipse.lsp4j.jsonrpc.services.GenericEndpoint notify
WARNING: Unsupported notification method: metals/windowStateDidChange
Feb 21, 2025 5:56:41 PM org.eclipse.lsp4j.jsonrpc.services.GenericEndpoint notify
WARNING: Unsupported notification method: metals/windowStateDidChange
Feb 21, 2025 5:56:43 PM org.eclipse.lsp4j.jsonrpc.services.GenericEndpoint notify
WARNING: Unsupported notification method: metals/windowStateDidChange
Feb 21, 2025 5:56:43 PM org.eclipse.lsp4j.jsonrpc.services.GenericEndpoint notify
WARNING: Unsupported notification method: metals/windowStateDidChange
Feb 21, 2025 5:56:45 PM org.eclipse.lsp4j.jsonrpc.services.GenericEndpoint notify
WARNING: Unsupported notification method: metals/windowStateDidChange
Feb 21, 2025 5:56:46 PM org.eclipse.lsp4j.jsonrpc.services.GenericEndpoint notify
WARNING: Unsupported notification method: metals/windowStateDidChange
Feb 21, 2025 5:56:47 PM org.eclipse.lsp4j.jsonrpc.services.GenericEndpoint notify
WARNING: Unsupported notification method: metals/windowStateDidChange
Feb 21, 2025 5:56:48 PM org.eclipse.lsp4j.jsonrpc.services.GenericEndpoint notify
WARNING: Unsupported notification method: metals/windowStateDidChange
Feb 21, 2025 5:56:50 PM org.eclipse.lsp4j.jsonrpc.services.GenericEndpoint notify
WARNING: Unsupported notification method: metals/windowStateDidChange
Feb 21, 2025 5:56:51 PM org.eclipse.lsp4j.jsonrpc.services.GenericEndpoint notify
WARNING: Unsupported notification method: metals/windowStateDidChange
Feb 21, 2025 5:56:52 PM org.eclipse.lsp4j.jsonrpc.services.GenericEndpoint notify
WARNING: Unsupported notification method: metals/windowStateDidChange
Feb 21, 2025 5:56:53 PM org.eclipse.lsp4j.jsonrpc.services.GenericEndpoint notify
WARNING: Unsupported notification method: metals/windowStateDidChange
Feb 21, 2025 5:57:07 PM org.eclipse.lsp4j.jsonrpc.services.GenericEndpoint notify
WARNING: Unsupported notification method: metals/windowStateDidChange
Feb 21, 2025 5:57:09 PM org.eclipse.lsp4j.jsonrpc.services.GenericEndpoint notify
WARNING: Unsupported notification method: metals/windowStateDidChange
Feb 21, 2025 5:57:10 PM org.eclipse.lsp4j.jsonrpc.services.GenericEndpoint notify
WARNING: Unsupported notification method: metals/windowStateDidChange
Feb 21, 2025 5:57:19 PM org.eclipse.lsp4j.jsonrpc.services.GenericEndpoint notify
WARNING: Unsupported notification method: metals/windowStateDidChange
Feb 21, 2025 5:57:29 PM org.eclipse.lsp4j.jsonrpc.services.GenericEndpoint notify
WARNING: Unsupported notification method: metals/windowStateDidChange
Feb 21, 2025 5:57:32 PM org.eclipse.lsp4j.jsonrpc.services.GenericEndpoint notify
WARNING: Unsupported notification method: metals/windowStateDidChange
Feb 21, 2025 5:57:56 PM org.eclipse.lsp4j.jsonrpc.services.GenericEndpoint notify
WARNING: Unsupported notification method: metals/windowStateDidChange
Feb 21, 2025 5:57:58 PM org.eclipse.lsp4j.jsonrpc.services.GenericEndpoint notify
WARNING: Unsupported notification method: metals/windowStateDidChange
Feb 21, 2025 5:58:20 PM org.eclipse.lsp4j.jsonrpc.services.GenericEndpoint notify
WARNING: Unsupported notification method: metals/windowStateDidChange
Feb 21, 2025 5:58:30 PM org.eclipse.lsp4j.jsonrpc.services.GenericEndpoint notify
WARNING: Unsupported notification method: metals/windowStateDidChange
2025.02.21 17:58:31 INFO  compiling language-tutorials_4b176b44ab (66 scala sources and 292 java sources)
2025.02.21 17:58:32 INFO  time: compiled language-tutorials_4b176b44ab in 1.27s
Feb 21, 2025 5:58:48 PM org.eclipse.lsp4j.jsonrpc.services.GenericEndpoint notify
WARNING: Unsupported notification method: metals/windowStateDidChange
Feb 21, 2025 5:58:52 PM org.eclipse.lsp4j.jsonrpc.services.GenericEndpoint notify
WARNING: Unsupported notification method: metals/windowStateDidChange
Feb 21, 2025 5:58:59 PM org.eclipse.lsp4j.jsonrpc.services.GenericEndpoint notify
WARNING: Unsupported notification method: metals/windowStateDidChange
Feb 21, 2025 5:59:02 PM scala.meta.internal.metals.StdReporter $anonfun$create$1
SEVERE: empty definition using pc, found symbol in pc: `<none>`. (full report at: /Users/yongjian.tek/Desktop/language-tutorials/.metals/.reports/metals-full/2025-02-21/r_empty-definition_(language-tutorials_4b176b44ab)_12-28-26-057.md)
Feb 21, 2025 5:59:02 PM org.eclipse.lsp4j.jsonrpc.services.GenericEndpoint notify
WARNING: Unsupported notification method: metals/windowStateDidChange
Feb 21, 2025 5:59:04 PM org.eclipse.lsp4j.jsonrpc.services.GenericEndpoint notify
WARNING: Unsupported notification method: metals/windowStateDidChange
Feb 21, 2025 5:59:05 PM org.eclipse.lsp4j.jsonrpc.services.GenericEndpoint notify
WARNING: Unsupported notification method: metals/windowStateDidChange
Feb 21, 2025 5:59:08 PM org.eclipse.lsp4j.jsonrpc.services.GenericEndpoint notify
WARNING: Unsupported notification method: metals/windowStateDidChange
2025.02.21 17:59:22 INFO  compiling language-tutorials_4b176b44ab (66 scala sources and 292 java sources)
2025.02.21 17:59:24 INFO  time: compiled language-tutorials_4b176b44ab in 1.42s
2025.02.21 17:59:36 INFO  compiling language-tutorials_4b176b44ab (66 scala sources and 292 java sources)
2025.02.21 17:59:37 INFO  time: compiled language-tutorials_4b176b44ab in 1.2s
Feb 21, 2025 5:59:44 PM org.eclipse.lsp4j.jsonrpc.services.GenericEndpoint notify
WARNING: Unsupported notification method: metals/windowStateDidChange
Feb 21, 2025 5:59:44 PM org.eclipse.lsp4j.jsonrpc.services.GenericEndpoint notify
WARNING: Unsupported notification method: metals/windowStateDidChange
2025.02.21 17:59:50 INFO  compiling language-tutorials_4b176b44ab (66 scala sources and 292 java sources)
2025.02.21 17:59:52 INFO  time: compiled language-tutorials_4b176b44ab in 1.28s
2025.02.21 17:59:52 INFO  compiling language-tutorials_4b176b44ab (66 scala sources and 292 java sources)
2025.02.21 17:59:53 INFO  time: compiled language-tutorials_4b176b44ab in 1.28s
2025.02.21 17:59:54 INFO  compiling language-tutorials_4b176b44ab (66 scala sources and 292 java sources)
2025.02.21 17:59:56 INFO  time: compiled language-tutorials_4b176b44ab in 1.33s
Feb 21, 2025 6:00:18 PM org.eclipse.lsp4j.jsonrpc.services.GenericEndpoint notify
WARNING: Unsupported notification method: metals/windowStateDidChange
Feb 21, 2025 6:00:23 PM org.eclipse.lsp4j.jsonrpc.services.GenericEndpoint notify
WARNING: Unsupported notification method: metals/windowStateDidChange
Feb 21, 2025 6:00:36 PM org.eclipse.lsp4j.jsonrpc.services.GenericEndpoint notify
WARNING: Unsupported notification method: metals/windowStateDidChange
Feb 21, 2025 6:00:37 PM org.eclipse.lsp4j.jsonrpc.services.GenericEndpoint notify
WARNING: Unsupported notification method: metals/windowStateDidChange
2025.02.21 18:01:10 INFO  compiling language-tutorials_4b176b44ab (66 scala sources and 292 java sources)
2025.02.21 18:01:11 INFO  time: compiled language-tutorials_4b176b44ab in 1.22s
2025.02.21 18:01:11 INFO  compiling language-tutorials_4b176b44ab (66 scala sources and 292 java sources)
2025.02.21 18:01:13 INFO  time: compiled language-tutorials_4b176b44ab in 1.3s
2025.02.21 18:01:20 INFO  compiling language-tutorials_4b176b44ab (66 scala sources and 292 java sources)
2025.02.21 18:01:21 INFO  time: compiled language-tutorials_4b176b44ab in 1.13s
2025.02.21 18:01:45 INFO  compiling language-tutorials_4b176b44ab (66 scala sources and 292 java sources)
2025.02.21 18:01:47 INFO  time: compiled language-tutorials_4b176b44ab in 1.64s
2025.02.21 18:01:52 INFO  compiling language-tutorials_4b176b44ab (66 scala sources and 292 java sources)
2025.02.21 18:01:53 INFO  time: compiled language-tutorials_4b176b44ab in 1.19s
2025.02.21 18:01:53 INFO  compiling language-tutorials_4b176b44ab (66 scala sources and 292 java sources)
2025.02.21 18:01:55 INFO  time: compiled language-tutorials_4b176b44ab in 1.15s
2025.02.21 18:01:55 INFO  compiling language-tutorials_4b176b44ab (66 scala sources and 292 java sources)
2025.02.21 18:01:57 INFO  time: compiled language-tutorials_4b176b44ab in 1.25s
Feb 21, 2025 6:02:03 PM org.eclipse.lsp4j.jsonrpc.RemoteEndpoint handleCancellation
WARNING: Unmatched cancel notification for request id 9639
2025.02.21 18:02:04 INFO  compiling language-tutorials_4b176b44ab (66 scala sources and 292 java sources)
2025.02.21 18:02:06 INFO  time: compiled language-tutorials_4b176b44ab in 1.44s
2025.02.21 18:02:06 INFO  compiling language-tutorials_4b176b44ab (66 scala sources and 292 java sources)
2025.02.21 18:02:08 INFO  time: compiled language-tutorials_4b176b44ab in 1.58s
2025.02.21 18:02:08 INFO  compiling language-tutorials_4b176b44ab (66 scala sources and 292 java sources)
2025.02.21 18:02:10 INFO  time: compiled language-tutorials_4b176b44ab in 1.28s
Feb 21, 2025 6:02:15 PM org.eclipse.lsp4j.jsonrpc.services.GenericEndpoint notify
WARNING: Unsupported notification method: metals/windowStateDidChange
Feb 21, 2025 6:02:17 PM org.eclipse.lsp4j.jsonrpc.services.GenericEndpoint notify
WARNING: Unsupported notification method: metals/windowStateDidChange
Feb 21, 2025 6:02:28 PM org.eclipse.lsp4j.jsonrpc.services.GenericEndpoint notify
WARNING: Unsupported notification method: metals/windowStateDidChange
2025.02.21 18:02:28 INFO  compiling language-tutorials_4b176b44ab (66 scala sources and 292 java sources)
Feb 21, 2025 6:02:29 PM org.eclipse.lsp4j.jsonrpc.services.GenericEndpoint notify
WARNING: Unsupported notification method: metals/windowStateDidChange
2025.02.21 18:02:30 INFO  time: compiled language-tutorials_4b176b44ab in 1.61s
Feb 21, 2025 6:02:33 PM org.eclipse.lsp4j.jsonrpc.services.GenericEndpoint notify
WARNING: Unsupported notification method: metals/windowStateDidChange
Feb 21, 2025 6:02:42 PM org.eclipse.lsp4j.jsonrpc.services.GenericEndpoint notify
WARNING: Unsupported notification method: metals/windowStateDidChange
Feb 21, 2025 6:03:13 PM org.eclipse.lsp4j.jsonrpc.services.GenericEndpoint notify
WARNING: Unsupported notification method: metals/windowStateDidChange
Feb 21, 2025 6:03:14 PM org.eclipse.lsp4j.jsonrpc.services.GenericEndpoint notify
WARNING: Unsupported notification method: metals/windowStateDidChange
Feb 21, 2025 6:03:14 PM org.eclipse.lsp4j.jsonrpc.services.GenericEndpoint notify
WARNING: Unsupported notification method: metals/windowStateDidChange
Feb 21, 2025 6:04:01 PM org.eclipse.lsp4j.jsonrpc.services.GenericEndpoint notify
WARNING: Unsupported notification method: metals/windowStateDidChange
Feb 21, 2025 6:04:02 PM org.eclipse.lsp4j.jsonrpc.services.GenericEndpoint notify
WARNING: Unsupported notification method: metals/windowStateDidChange
Feb 21, 2025 6:04:15 PM org.eclipse.lsp4j.jsonrpc.services.GenericEndpoint notify
WARNING: Unsupported notification method: metals/windowStateDidChange
Feb 21, 2025 6:04:20 PM org.eclipse.lsp4j.jsonrpc.services.GenericEndpoint notify
WARNING: Unsupported notification method: metals/windowStateDidChange
Feb 21, 2025 6:04:24 PM org.eclipse.lsp4j.jsonrpc.services.GenericEndpoint notify
WARNING: Unsupported notification method: metals/windowStateDidChange
Feb 21, 2025 6:04:36 PM org.eclipse.lsp4j.jsonrpc.services.GenericEndpoint notify
WARNING: Unsupported notification method: metals/windowStateDidChange
Feb 21, 2025 6:04:37 PM org.eclipse.lsp4j.jsonrpc.services.GenericEndpoint notify
WARNING: Unsupported notification method: metals/windowStateDidChange
Feb 21, 2025 6:04:47 PM org.eclipse.lsp4j.jsonrpc.services.GenericEndpoint notify
WARNING: Unsupported notification method: metals/windowStateDidChange
Feb 21, 2025 6:04:48 PM org.eclipse.lsp4j.jsonrpc.services.GenericEndpoint notify
WARNING: Unsupported notification method: metals/windowStateDidChange
Feb 21, 2025 6:04:56 PM org.eclipse.lsp4j.jsonrpc.services.GenericEndpoint notify
WARNING: Unsupported notification method: metals/windowStateDidChange
Feb 21, 2025 6:04:59 PM org.eclipse.lsp4j.jsonrpc.services.GenericEndpoint notify
WARNING: Unsupported notification method: metals/windowStateDidChange
Feb 21, 2025 6:05:21 PM org.eclipse.lsp4j.jsonrpc.services.GenericEndpoint notify
WARNING: Unsupported notification method: metals/windowStateDidChange
Feb 21, 2025 6:05:45 PM org.eclipse.lsp4j.jsonrpc.services.GenericEndpoint notify
WARNING: Unsupported notification method: metals/windowStateDidChange
Feb 21, 2025 6:06:15 PM org.eclipse.lsp4j.jsonrpc.services.GenericEndpoint notify
WARNING: Unsupported notification method: metals/windowStateDidChange
Feb 21, 2025 6:10:45 PM org.eclipse.lsp4j.jsonrpc.services.GenericEndpoint notify
WARNING: Unsupported notification method: metals/windowStateDidChange
Feb 21, 2025 6:15:14 PM org.eclipse.lsp4j.jsonrpc.services.GenericEndpoint notify
WARNING: Unsupported notification method: metals/windowStateDidChange
Feb 21, 2025 6:15:15 PM org.eclipse.lsp4j.jsonrpc.services.GenericEndpoint notify
WARNING: Unsupported notification method: metals/windowStateDidChange
Feb 21, 2025 6:15:18 PM org.eclipse.lsp4j.jsonrpc.services.GenericEndpoint notify
WARNING: Unsupported notification method: metals/windowStateDidChange
Feb 21, 2025 6:15:19 PM org.eclipse.lsp4j.jsonrpc.services.GenericEndpoint notify
WARNING: Unsupported notification method: metals/windowStateDidChange
Feb 21, 2025 6:15:21 PM org.eclipse.lsp4j.jsonrpc.services.GenericEndpoint notify
WARNING: Unsupported notification method: metals/windowStateDidChange
Feb 21, 2025 6:15:23 PM org.eclipse.lsp4j.jsonrpc.services.GenericEndpoint notify
WARNING: Unsupported notification method: metals/windowStateDidChange
Feb 21, 2025 6:15:48 PM org.eclipse.lsp4j.jsonrpc.services.GenericEndpoint notify
WARNING: Unsupported notification method: metals/windowStateDidChange
Feb 21, 2025 6:15:48 PM org.eclipse.lsp4j.jsonrpc.services.GenericEndpoint notify
WARNING: Unsupported notification method: metals/windowStateDidChange
Feb 21, 2025 6:15:49 PM org.eclipse.lsp4j.jsonrpc.services.GenericEndpoint notify
WARNING: Unsupported notification method: metals/windowStateDidChange
Feb 21, 2025 6:15:51 PM org.eclipse.lsp4j.jsonrpc.services.GenericEndpoint notify
WARNING: Unsupported notification method: metals/windowStateDidChange
Feb 21, 2025 6:16:18 PM org.eclipse.lsp4j.jsonrpc.services.GenericEndpoint notify
WARNING: Unsupported notification method: metals/windowStateDidChange
Feb 21, 2025 6:16:39 PM org.eclipse.lsp4j.jsonrpc.services.GenericEndpoint notify
WARNING: Unsupported notification method: metals/windowStateDidChange
Feb 21, 2025 6:16:40 PM org.eclipse.lsp4j.jsonrpc.services.GenericEndpoint notify
WARNING: Unsupported notification method: metals/windowStateDidChange
Feb 21, 2025 6:16:46 PM org.eclipse.lsp4j.jsonrpc.services.GenericEndpoint notify
WARNING: Unsupported notification method: metals/windowStateDidChange
Feb 21, 2025 6:16:54 PM org.eclipse.lsp4j.jsonrpc.services.GenericEndpoint notify
WARNING: Unsupported notification method: metals/windowStateDidChange
Feb 21, 2025 6:16:56 PM org.eclipse.lsp4j.jsonrpc.services.GenericEndpoint notify
WARNING: Unsupported notification method: metals/windowStateDidChange
Feb 21, 2025 6:17:12 PM org.eclipse.lsp4j.jsonrpc.services.GenericEndpoint notify
WARNING: Unsupported notification method: metals/windowStateDidChange
Feb 21, 2025 6:17:22 PM org.eclipse.lsp4j.jsonrpc.services.GenericEndpoint notify
WARNING: Unsupported notification method: metals/windowStateDidChange
Feb 21, 2025 6:17:33 PM org.eclipse.lsp4j.jsonrpc.services.GenericEndpoint notify
WARNING: Unsupported notification method: metals/windowStateDidChange
Feb 21, 2025 6:17:39 PM org.eclipse.lsp4j.jsonrpc.services.GenericEndpoint notify
WARNING: Unsupported notification method: metals/windowStateDidChange
Feb 21, 2025 6:17:57 PM org.eclipse.lsp4j.jsonrpc.services.GenericEndpoint notify
WARNING: Unsupported notification method: metals/windowStateDidChange
Feb 21, 2025 6:18:15 PM org.eclipse.lsp4j.jsonrpc.services.GenericEndpoint notify
WARNING: Unsupported notification method: metals/windowStateDidChange
Feb 21, 2025 6:18:19 PM org.eclipse.lsp4j.jsonrpc.services.GenericEndpoint notify
WARNING: Unsupported notification method: metals/windowStateDidChange
Feb 21, 2025 6:19:25 PM org.eclipse.lsp4j.jsonrpc.services.GenericEndpoint notify
WARNING: Unsupported notification method: metals/windowStateDidChange
Feb 21, 2025 6:21:46 PM org.eclipse.lsp4j.jsonrpc.services.GenericEndpoint notify
WARNING: Unsupported notification method: metals/windowStateDidChange
Feb 21, 2025 6:21:50 PM org.eclipse.lsp4j.jsonrpc.services.GenericEndpoint notify
WARNING: Unsupported notification method: metals/windowStateDidChange
Feb 21, 2025 6:21:50 PM org.eclipse.lsp4j.jsonrpc.services.GenericEndpoint notify
WARNING: Unsupported notification method: metals/windowStateDidChange
Feb 21, 2025 6:21:50 PM org.eclipse.lsp4j.jsonrpc.services.GenericEndpoint notify
WARNING: Unsupported notification method: metals/windowStateDidChange
Feb 21, 2025 6:21:51 PM org.eclipse.lsp4j.jsonrpc.services.GenericEndpoint notify
WARNING: Unsupported notification method: metals/windowStateDidChange
Feb 21, 2025 6:23:00 PM org.eclipse.lsp4j.jsonrpc.services.GenericEndpoint notify
WARNING: Unsupported notification method: metals/windowStateDidChange
Feb 21, 2025 6:23:43 PM org.eclipse.lsp4j.jsonrpc.services.GenericEndpoint notify
WARNING: Unsupported notification method: metals/windowStateDidChange
Feb 21, 2025 6:23:44 PM org.eclipse.lsp4j.jsonrpc.services.GenericEndpoint notify
WARNING: Unsupported notification method: metals/windowStateDidChange
Feb 21, 2025 6:23:50 PM org.eclipse.lsp4j.jsonrpc.services.GenericEndpoint notify
WARNING: Unsupported notification method: metals/windowStateDidChange
Feb 21, 2025 6:23:51 PM org.eclipse.lsp4j.jsonrpc.services.GenericEndpoint notify
WARNING: Unsupported notification method: metals/windowStateDidChange
Feb 21, 2025 6:24:03 PM org.eclipse.lsp4j.jsonrpc.services.GenericEndpoint notify
WARNING: Unsupported notification method: metals/windowStateDidChange
Feb 21, 2025 6:24:06 PM org.eclipse.lsp4j.jsonrpc.services.GenericEndpoint notify
WARNING: Unsupported notification method: metals/windowStateDidChange
Feb 21, 2025 6:24:20 PM org.eclipse.lsp4j.jsonrpc.services.GenericEndpoint notify
WARNING: Unsupported notification method: metals/windowStateDidChange
Feb 21, 2025 6:24:28 PM org.eclipse.lsp4j.jsonrpc.services.GenericEndpoint notify
WARNING: Unsupported notification method: metals/windowStateDidChange
Feb 21, 2025 6:24:33 PM org.eclipse.lsp4j.jsonrpc.services.GenericEndpoint notify
WARNING: Unsupported notification method: metals/windowStateDidChange
Feb 21, 2025 6:24:33 PM org.eclipse.lsp4j.jsonrpc.services.GenericEndpoint notify
WARNING: Unsupported notification method: metals/windowStateDidChange
Feb 21, 2025 6:24:34 PM org.eclipse.lsp4j.jsonrpc.services.GenericEndpoint notify
WARNING: Unsupported notification method: metals/windowStateDidChange
Feb 21, 2025 6:24:36 PM org.eclipse.lsp4j.jsonrpc.services.GenericEndpoint notify
WARNING: Unsupported notification method: metals/windowStateDidChange
Feb 21, 2025 6:24:45 PM org.eclipse.lsp4j.jsonrpc.services.GenericEndpoint notify
WARNING: Unsupported notification method: metals/windowStateDidChange
Feb 21, 2025 6:24:48 PM org.eclipse.lsp4j.jsonrpc.services.GenericEndpoint notify
WARNING: Unsupported notification method: metals/windowStateDidChange
Feb 21, 2025 6:24:57 PM org.eclipse.lsp4j.jsonrpc.services.GenericEndpoint notify
WARNING: Unsupported notification method: metals/windowStateDidChange
Feb 21, 2025 6:24:58 PM org.eclipse.lsp4j.jsonrpc.services.GenericEndpoint notify
WARNING: Unsupported notification method: metals/windowStateDidChange
Feb 21, 2025 6:25:02 PM org.eclipse.lsp4j.jsonrpc.services.GenericEndpoint notify
WARNING: Unsupported notification method: metals/windowStateDidChange
Feb 21, 2025 6:25:06 PM org.eclipse.lsp4j.jsonrpc.services.GenericEndpoint notify
WARNING: Unsupported notification method: metals/windowStateDidChange
Feb 21, 2025 6:25:08 PM org.eclipse.lsp4j.jsonrpc.services.GenericEndpoint notify
WARNING: Unsupported notification method: metals/windowStateDidChange
Feb 21, 2025 6:25:17 PM org.eclipse.lsp4j.jsonrpc.services.GenericEndpoint notify
WARNING: Unsupported notification method: metals/windowStateDidChange
Feb 21, 2025 6:25:40 PM org.eclipse.lsp4j.jsonrpc.services.GenericEndpoint notify
WARNING: Unsupported notification method: metals/windowStateDidChange
Feb 21, 2025 6:25:41 PM org.eclipse.lsp4j.jsonrpc.services.GenericEndpoint notify
WARNING: Unsupported notification method: metals/windowStateDidChange
Feb 21, 2025 6:25:46 PM org.eclipse.lsp4j.jsonrpc.services.GenericEndpoint notify
WARNING: Unsupported notification method: metals/windowStateDidChange
Feb 21, 2025 6:25:47 PM org.eclipse.lsp4j.jsonrpc.services.GenericEndpoint notify
WARNING: Unsupported notification method: metals/windowStateDidChange
Feb 21, 2025 6:25:50 PM org.eclipse.lsp4j.jsonrpc.services.GenericEndpoint notify
WARNING: Unsupported notification method: metals/windowStateDidChange
Feb 21, 2025 6:25:51 PM org.eclipse.lsp4j.jsonrpc.services.GenericEndpoint notify
WARNING: Unsupported notification method: metals/windowStateDidChange
Feb 21, 2025 6:25:55 PM org.eclipse.lsp4j.jsonrpc.services.GenericEndpoint notify
WARNING: Unsupported notification method: metals/windowStateDidChange
Feb 21, 2025 6:25:56 PM org.eclipse.lsp4j.jsonrpc.services.GenericEndpoint notify
WARNING: Unsupported notification method: metals/windowStateDidChange
Feb 21, 2025 6:26:02 PM org.eclipse.lsp4j.jsonrpc.services.GenericEndpoint notify
WARNING: Unsupported notification method: metals/windowStateDidChange
Feb 21, 2025 6:26:03 PM org.eclipse.lsp4j.jsonrpc.services.GenericEndpoint notify
WARNING: Unsupported notification method: metals/windowStateDidChange
Feb 21, 2025 6:26:37 PM org.eclipse.lsp4j.jsonrpc.services.GenericEndpoint notify
WARNING: Unsupported notification method: metals/windowStateDidChange
Feb 21, 2025 6:26:38 PM org.eclipse.lsp4j.jsonrpc.services.GenericEndpoint notify
WARNING: Unsupported notification method: metals/windowStateDidChange
Feb 21, 2025 6:26:41 PM org.eclipse.lsp4j.jsonrpc.services.GenericEndpoint notify
WARNING: Unsupported notification method: metals/windowStateDidChange
Feb 21, 2025 6:26:43 PM org.eclipse.lsp4j.jsonrpc.services.GenericEndpoint notify
WARNING: Unsupported notification method: metals/windowStateDidChange
Feb 21, 2025 6:26:45 PM org.eclipse.lsp4j.jsonrpc.services.GenericEndpoint notify
WARNING: Unsupported notification method: metals/windowStateDidChange
Feb 21, 2025 6:26:49 PM org.eclipse.lsp4j.jsonrpc.services.GenericEndpoint notify
WARNING: Unsupported notification method: metals/windowStateDidChange
Feb 21, 2025 6:26:54 PM org.eclipse.lsp4j.jsonrpc.services.GenericEndpoint notify
WARNING: Unsupported notification method: metals/windowStateDidChange
Feb 21, 2025 6:26:55 PM org.eclipse.lsp4j.jsonrpc.services.GenericEndpoint notify
WARNING: Unsupported notification method: metals/windowStateDidChange
Feb 21, 2025 6:28:27 PM org.eclipse.lsp4j.jsonrpc.services.GenericEndpoint notify
WARNING: Unsupported notification method: metals/windowStateDidChange
Feb 21, 2025 6:28:31 PM org.eclipse.lsp4j.jsonrpc.services.GenericEndpoint notify
WARNING: Unsupported notification method: metals/windowStateDidChange
Feb 21, 2025 6:28:34 PM org.eclipse.lsp4j.jsonrpc.services.GenericEndpoint notify
WARNING: Unsupported notification method: metals/windowStateDidChange
Feb 21, 2025 6:29:22 PM org.eclipse.lsp4j.jsonrpc.services.GenericEndpoint notify
WARNING: Unsupported notification method: metals/windowStateDidChange
Feb 21, 2025 6:29:24 PM org.eclipse.lsp4j.jsonrpc.services.GenericEndpoint notify
WARNING: Unsupported notification method: metals/windowStateDidChange
Feb 21, 2025 6:29:33 PM org.eclipse.lsp4j.jsonrpc.services.GenericEndpoint notify
WARNING: Unsupported notification method: metals/windowStateDidChange
Feb 21, 2025 6:29:33 PM org.eclipse.lsp4j.jsonrpc.services.GenericEndpoint notify
WARNING: Unsupported notification method: metals/windowStateDidChange
Feb 21, 2025 6:29:52 PM org.eclipse.lsp4j.jsonrpc.services.GenericEndpoint notify
WARNING: Unsupported notification method: metals/windowStateDidChange
Feb 21, 2025 6:30:58 PM org.eclipse.lsp4j.jsonrpc.services.GenericEndpoint notify
WARNING: Unsupported notification method: metals/windowStateDidChange
Feb 21, 2025 6:31:07 PM org.eclipse.lsp4j.jsonrpc.services.GenericEndpoint notify
WARNING: Unsupported notification method: metals/windowStateDidChange
Feb 21, 2025 6:31:07 PM org.eclipse.lsp4j.jsonrpc.services.GenericEndpoint notify
WARNING: Unsupported notification method: metals/windowStateDidChange
Feb 21, 2025 6:31:10 PM org.eclipse.lsp4j.jsonrpc.services.GenericEndpoint notify
WARNING: Unsupported notification method: metals/windowStateDidChange
Feb 21, 2025 6:31:13 PM org.eclipse.lsp4j.jsonrpc.services.GenericEndpoint notify
WARNING: Unsupported notification method: metals/windowStateDidChange
Feb 21, 2025 6:32:13 PM org.eclipse.lsp4j.jsonrpc.services.GenericEndpoint notify
WARNING: Unsupported notification method: metals/windowStateDidChange
Feb 21, 2025 6:36:40 PM org.eclipse.lsp4j.jsonrpc.services.GenericEndpoint notify
WARNING: Unsupported notification method: metals/windowStateDidChange
Feb 21, 2025 6:36:41 PM org.eclipse.lsp4j.jsonrpc.services.GenericEndpoint notify
WARNING: Unsupported notification method: metals/windowStateDidChange
Feb 21, 2025 6:36:41 PM org.eclipse.lsp4j.jsonrpc.services.GenericEndpoint notify
WARNING: Unsupported notification method: metals/windowStateDidChange
Feb 21, 2025 6:36:46 PM org.eclipse.lsp4j.jsonrpc.services.GenericEndpoint notify
WARNING: Unsupported notification method: metals/windowStateDidChange
Feb 21, 2025 6:37:34 PM org.eclipse.lsp4j.jsonrpc.services.GenericEndpoint notify
WARNING: Unsupported notification method: metals/windowStateDidChange
Feb 21, 2025 6:37:46 PM org.eclipse.lsp4j.jsonrpc.services.GenericEndpoint notify
WARNING: Unsupported notification method: metals/windowStateDidChange
Feb 21, 2025 6:37:47 PM org.eclipse.lsp4j.jsonrpc.services.GenericEndpoint notify
WARNING: Unsupported notification method: metals/windowStateDidChange
Feb 21, 2025 6:38:51 PM org.eclipse.lsp4j.jsonrpc.services.GenericEndpoint notify
WARNING: Unsupported notification method: metals/windowStateDidChange
Feb 21, 2025 6:39:38 PM org.eclipse.lsp4j.jsonrpc.services.GenericEndpoint notify
WARNING: Unsupported notification method: metals/windowStateDidChange
Feb 21, 2025 6:39:39 PM org.eclipse.lsp4j.jsonrpc.services.GenericEndpoint notify
WARNING: Unsupported notification method: metals/windowStateDidChange
Feb 21, 2025 6:39:40 PM org.eclipse.lsp4j.jsonrpc.services.GenericEndpoint notify
WARNING: Unsupported notification method: metals/windowStateDidChange
Feb 21, 2025 6:39:41 PM org.eclipse.lsp4j.jsonrpc.services.GenericEndpoint notify
WARNING: Unsupported notification method: metals/windowStateDidChange
Feb 21, 2025 6:39:42 PM org.eclipse.lsp4j.jsonrpc.services.GenericEndpoint notify
INFO: Unsupported notification method: $/setTrace
Feb 21, 2025 6:40:49 PM org.eclipse.lsp4j.jsonrpc.services.GenericEndpoint notify
WARNING: Unsupported notification method: metals/windowStateDidChange
Feb 21, 2025 6:44:48 PM org.eclipse.lsp4j.jsonrpc.services.GenericEndpoint notify
WARNING: Unsupported notification method: metals/windowStateDidChange
Feb 21, 2025 6:44:49 PM org.eclipse.lsp4j.jsonrpc.services.GenericEndpoint notify
WARNING: Unsupported notification method: metals/windowStateDidChange
Feb 21, 2025 6:45:58 PM org.eclipse.lsp4j.jsonrpc.services.GenericEndpoint notify
WARNING: Unsupported notification method: metals/windowStateDidChange
Feb 21, 2025 6:50:09 PM org.eclipse.lsp4j.jsonrpc.services.GenericEndpoint notify
WARNING: Unsupported notification method: metals/windowStateDidChange
Feb 21, 2025 6:50:12 PM org.eclipse.lsp4j.jsonrpc.services.GenericEndpoint notify
WARNING: Unsupported notification method: metals/windowStateDidChange
Feb 21, 2025 6:50:12 PM org.eclipse.lsp4j.jsonrpc.services.GenericEndpoint notify
WARNING: Unsupported notification method: metals/windowStateDidChange
Feb 21, 2025 6:50:18 PM org.eclipse.lsp4j.jsonrpc.services.GenericEndpoint notify
WARNING: Unsupported notification method: metals/windowStateDidChange
Feb 21, 2025 6:50:25 PM org.eclipse.lsp4j.jsonrpc.services.GenericEndpoint notify
WARNING: Unsupported notification method: metals/windowStateDidChange
Feb 21, 2025 6:50:26 PM org.eclipse.lsp4j.jsonrpc.services.GenericEndpoint notify
WARNING: Unsupported notification method: metals/windowStateDidChange
Feb 21, 2025 6:50:30 PM org.eclipse.lsp4j.jsonrpc.services.GenericEndpoint notify
WARNING: Unsupported notification method: metals/windowStateDidChange
Feb 21, 2025 6:50:31 PM org.eclipse.lsp4j.jsonrpc.services.GenericEndpoint notify
WARNING: Unsupported notification method: metals/windowStateDidChange
Feb 21, 2025 6:50:41 PM org.eclipse.lsp4j.jsonrpc.services.GenericEndpoint notify
WARNING: Unsupported notification method: metals/windowStateDidChange
Feb 21, 2025 6:50:43 PM org.eclipse.lsp4j.jsonrpc.services.GenericEndpoint notify
WARNING: Unsupported notification method: metals/windowStateDidChange
Feb 21, 2025 6:51:46 PM org.eclipse.lsp4j.jsonrpc.services.GenericEndpoint notify
WARNING: Unsupported notification method: metals/windowStateDidChange
Feb 21, 2025 6:52:12 PM org.eclipse.lsp4j.jsonrpc.services.GenericEndpoint notify
WARNING: Unsupported notification method: metals/windowStateDidChange
Feb 21, 2025 6:52:14 PM org.eclipse.lsp4j.jsonrpc.services.GenericEndpoint notify
WARNING: Unsupported notification method: metals/windowStateDidChange
Feb 21, 2025 6:53:22 PM org.eclipse.lsp4j.jsonrpc.services.GenericEndpoint notify
WARNING: Unsupported notification method: metals/windowStateDidChange
Feb 21, 2025 6:53:37 PM org.eclipse.lsp4j.jsonrpc.services.GenericEndpoint notify
WARNING: Unsupported notification method: metals/windowStateDidChange
Feb 21, 2025 6:53:37 PM org.eclipse.lsp4j.jsonrpc.services.GenericEndpoint notify
WARNING: Unsupported notification method: metals/windowStateDidChange
Feb 21, 2025 6:53:38 PM org.eclipse.lsp4j.jsonrpc.services.GenericEndpoint notify
WARNING: Unsupported notification method: metals/windowStateDidChange
Feb 21, 2025 6:53:53 PM org.eclipse.lsp4j.jsonrpc.services.GenericEndpoint notify
WARNING: Unsupported notification method: metals/windowStateDidChange
Feb 21, 2025 6:53:55 PM org.eclipse.lsp4j.jsonrpc.services.GenericEndpoint notify
WARNING: Unsupported notification method: metals/windowStateDidChange
Feb 21, 2025 6:53:57 PM org.eclipse.lsp4j.jsonrpc.services.GenericEndpoint notify
WARNING: Unsupported notification method: metals/windowStateDidChange
Feb 21, 2025 6:53:57 PM org.eclipse.lsp4j.jsonrpc.services.GenericEndpoint notify
WARNING: Unsupported notification method: metals/windowStateDidChange
Feb 21, 2025 6:53:59 PM org.eclipse.lsp4j.jsonrpc.services.GenericEndpoint notify
WARNING: Unsupported notification method: metals/windowStateDidChange
Feb 21, 2025 6:54:00 PM org.eclipse.lsp4j.jsonrpc.services.GenericEndpoint notify
WARNING: Unsupported notification method: metals/windowStateDidChange
Feb 21, 2025 6:54:02 PM org.eclipse.lsp4j.jsonrpc.services.GenericEndpoint notify
WARNING: Unsupported notification method: metals/windowStateDidChange
Feb 21, 2025 6:54:04 PM org.eclipse.lsp4j.jsonrpc.services.GenericEndpoint notify
WARNING: Unsupported notification method: metals/windowStateDidChange
Feb 21, 2025 6:54:10 PM org.eclipse.lsp4j.jsonrpc.services.GenericEndpoint notify
WARNING: Unsupported notification method: metals/windowStateDidChange
Feb 21, 2025 6:54:25 PM org.eclipse.lsp4j.jsonrpc.services.GenericEndpoint notify
WARNING: Unsupported notification method: metals/windowStateDidChange
Feb 21, 2025 6:54:26 PM org.eclipse.lsp4j.jsonrpc.services.GenericEndpoint notify
WARNING: Unsupported notification method: metals/windowStateDidChange
Feb 21, 2025 6:54:29 PM org.eclipse.lsp4j.jsonrpc.services.GenericEndpoint notify
WARNING: Unsupported notification method: metals/windowStateDidChange
Feb 21, 2025 6:54:35 PM org.eclipse.lsp4j.jsonrpc.services.GenericEndpoint notify
WARNING: Unsupported notification method: metals/windowStateDidChange
Feb 21, 2025 6:54:38 PM org.eclipse.lsp4j.jsonrpc.services.GenericEndpoint notify
WARNING: Unsupported notification method: metals/windowStateDidChange
Feb 21, 2025 6:54:51 PM org.eclipse.lsp4j.jsonrpc.services.GenericEndpoint notify
WARNING: Unsupported notification method: metals/windowStateDidChange
Feb 21, 2025 6:54:51 PM org.eclipse.lsp4j.jsonrpc.services.GenericEndpoint notify
WARNING: Unsupported notification method: metals/windowStateDidChange
Feb 21, 2025 6:55:47 PM org.eclipse.lsp4j.jsonrpc.services.GenericEndpoint notify
WARNING: Unsupported notification method: metals/windowStateDidChange
Feb 21, 2025 6:59:33 PM org.eclipse.lsp4j.jsonrpc.services.GenericEndpoint notify
WARNING: Unsupported notification method: metals/windowStateDidChange
Feb 21, 2025 6:59:35 PM org.eclipse.lsp4j.jsonrpc.services.GenericEndpoint notify
WARNING: Unsupported notification method: metals/windowStateDidChange
Feb 21, 2025 6:59:35 PM org.eclipse.lsp4j.jsonrpc.services.GenericEndpoint notify
WARNING: Unsupported notification method: metals/windowStateDidChange
Feb 21, 2025 6:59:53 PM org.eclipse.lsp4j.jsonrpc.services.GenericEndpoint notify
WARNING: Unsupported notification method: metals/windowStateDidChange
Feb 21, 2025 7:00:09 PM org.eclipse.lsp4j.jsonrpc.services.GenericEndpoint notify
WARNING: Unsupported notification method: metals/windowStateDidChange
Feb 21, 2025 7:00:15 PM org.eclipse.lsp4j.jsonrpc.services.GenericEndpoint notify
WARNING: Unsupported notification method: metals/windowStateDidChange
Feb 21, 2025 7:00:16 PM org.eclipse.lsp4j.jsonrpc.services.GenericEndpoint notify
WARNING: Unsupported notification method: metals/windowStateDidChange
Feb 21, 2025 7:00:25 PM org.eclipse.lsp4j.jsonrpc.services.GenericEndpoint notify
WARNING: Unsupported notification method: metals/windowStateDidChange
Feb 21, 2025 7:00:26 PM org.eclipse.lsp4j.jsonrpc.services.GenericEndpoint notify
WARNING: Unsupported notification method: metals/windowStateDidChange
Feb 21, 2025 7:00:28 PM org.eclipse.lsp4j.jsonrpc.services.GenericEndpoint notify
WARNING: Unsupported notification method: metals/windowStateDidChange
Feb 21, 2025 7:00:28 PM org.eclipse.lsp4j.jsonrpc.services.GenericEndpoint notify
WARNING: Unsupported notification method: metals/windowStateDidChange
Feb 21, 2025 7:00:36 PM org.eclipse.lsp4j.jsonrpc.services.GenericEndpoint notify
WARNING: Unsupported notification method: metals/windowStateDidChange
Feb 21, 2025 7:00:39 PM org.eclipse.lsp4j.jsonrpc.services.GenericEndpoint notify
WARNING: Unsupported notification method: metals/windowStateDidChange
Feb 21, 2025 7:01:02 PM org.eclipse.lsp4j.jsonrpc.services.GenericEndpoint notify
WARNING: Unsupported notification method: metals/windowStateDidChange
Feb 21, 2025 7:01:03 PM org.eclipse.lsp4j.jsonrpc.services.GenericEndpoint notify
WARNING: Unsupported notification method: metals/windowStateDidChange
Feb 21, 2025 7:01:10 PM org.eclipse.lsp4j.jsonrpc.services.GenericEndpoint notify
WARNING: Unsupported notification method: metals/windowStateDidChange
Feb 21, 2025 7:01:12 PM org.eclipse.lsp4j.jsonrpc.services.GenericEndpoint notify
WARNING: Unsupported notification method: metals/windowStateDidChange
Feb 21, 2025 7:01:16 PM org.eclipse.lsp4j.jsonrpc.services.GenericEndpoint notify
WARNING: Unsupported notification method: metals/windowStateDidChange
Feb 21, 2025 7:01:17 PM org.eclipse.lsp4j.jsonrpc.services.GenericEndpoint notify
WARNING: Unsupported notification method: metals/windowStateDidChange
Feb 21, 2025 7:01:17 PM org.eclipse.lsp4j.jsonrpc.services.GenericEndpoint notify
WARNING: Unsupported notification method: metals/windowStateDidChange
Feb 21, 2025 7:01:18 PM org.eclipse.lsp4j.jsonrpc.services.GenericEndpoint notify
WARNING: Unsupported notification method: metals/windowStateDidChange
Feb 21, 2025 7:01:20 PM org.eclipse.lsp4j.jsonrpc.services.GenericEndpoint notify
WARNING: Unsupported notification method: metals/windowStateDidChange
Feb 21, 2025 7:01:48 PM org.eclipse.lsp4j.jsonrpc.services.GenericEndpoint notify
WARNING: Unsupported notification method: metals/windowStateDidChange
Feb 21, 2025 7:02:45 PM org.eclipse.lsp4j.jsonrpc.services.GenericEndpoint notify
WARNING: Unsupported notification method: metals/windowStateDidChange
Feb 21, 2025 11:15:21 PM org.eclipse.lsp4j.jsonrpc.services.GenericEndpoint notify
WARNING: Unsupported notification method: metals/windowStateDidChange
Feb 21, 2025 11:15:22 PM org.eclipse.lsp4j.jsonrpc.services.GenericEndpoint notify
WARNING: Unsupported notification method: metals/windowStateDidChange
Feb 21, 2025 11:15:25 PM org.eclipse.lsp4j.jsonrpc.services.GenericEndpoint notify
WARNING: Unsupported notification method: metals/windowStateDidChange
Feb 21, 2025 11:15:27 PM org.eclipse.lsp4j.jsonrpc.services.GenericEndpoint notify
WARNING: Unsupported notification method: metals/windowStateDidChange
Feb 21, 2025 11:15:28 PM org.eclipse.lsp4j.jsonrpc.services.GenericEndpoint notify
WARNING: Unsupported notification method: metals/windowStateDidChange
Feb 21, 2025 11:16:32 PM org.eclipse.lsp4j.jsonrpc.services.GenericEndpoint notify
WARNING: Unsupported notification method: metals/windowStateDidChange
Feb 21, 2025 11:17:26 PM org.eclipse.lsp4j.jsonrpc.services.GenericEndpoint notify
WARNING: Unsupported notification method: metals/windowStateDidChange
Feb 21, 2025 11:17:27 PM org.eclipse.lsp4j.jsonrpc.services.GenericEndpoint notify
WARNING: Unsupported notification method: metals/windowStateDidChange
Feb 21, 2025 11:17:37 PM org.eclipse.lsp4j.jsonrpc.services.GenericEndpoint notify
WARNING: Unsupported notification method: metals/windowStateDidChange
Feb 21, 2025 11:18:37 PM org.eclipse.lsp4j.jsonrpc.services.GenericEndpoint notify
WARNING: Unsupported notification method: metals/windowStateDidChange
Feb 21, 2025 11:19:16 PM org.eclipse.lsp4j.jsonrpc.services.GenericEndpoint notify
WARNING: Unsupported notification method: metals/windowStateDidChange
Feb 21, 2025 11:19:18 PM org.eclipse.lsp4j.jsonrpc.services.GenericEndpoint notify
WARNING: Unsupported notification method: metals/windowStateDidChange
Feb 21, 2025 11:19:34 PM org.eclipse.lsp4j.jsonrpc.services.GenericEndpoint notify
WARNING: Unsupported notification method: metals/windowStateDidChange
Feb 21, 2025 11:20:28 PM org.eclipse.lsp4j.jsonrpc.services.GenericEndpoint notify
WARNING: Unsupported notification method: metals/windowStateDidChange
Feb 21, 2025 11:20:36 PM org.eclipse.lsp4j.jsonrpc.services.GenericEndpoint notify
WARNING: Unsupported notification method: metals/windowStateDidChange
Feb 21, 2025 11:20:38 PM org.eclipse.lsp4j.jsonrpc.services.GenericEndpoint notify
WARNING: Unsupported notification method: metals/windowStateDidChange
Feb 21, 2025 11:20:49 PM org.eclipse.lsp4j.jsonrpc.services.GenericEndpoint notify
WARNING: Unsupported notification method: metals/windowStateDidChange
Feb 21, 2025 11:20:57 PM org.eclipse.lsp4j.jsonrpc.services.GenericEndpoint notify
WARNING: Unsupported notification method: metals/windowStateDidChange
Feb 21, 2025 11:22:48 PM org.eclipse.lsp4j.jsonrpc.services.GenericEndpoint notify
WARNING: Unsupported notification method: metals/windowStateDidChange
Feb 21, 2025 11:26:40 PM org.eclipse.lsp4j.jsonrpc.services.GenericEndpoint notify
WARNING: Unsupported notification method: metals/windowStateDidChange
Feb 21, 2025 11:43:42 PM org.eclipse.lsp4j.jsonrpc.services.GenericEndpoint notify
WARNING: Unsupported notification method: metals/windowStateDidChange
Feb 21, 2025 11:43:47 PM org.eclipse.lsp4j.jsonrpc.services.GenericEndpoint notify
WARNING: Unsupported notification method: metals/windowStateDidChange
Feb 21, 2025 11:45:27 PM org.eclipse.lsp4j.jsonrpc.services.GenericEndpoint notify
WARNING: Unsupported notification method: metals/windowStateDidChange
Feb 21, 2025 11:49:27 PM org.eclipse.lsp4j.jsonrpc.services.GenericEndpoint notify
WARNING: Unsupported notification method: metals/windowStateDidChange
Feb 21, 2025 11:56:33 PM org.eclipse.lsp4j.jsonrpc.services.GenericEndpoint notify
WARNING: Unsupported notification method: metals/windowStateDidChange
Feb 21, 2025 11:57:49 PM org.eclipse.lsp4j.jsonrpc.services.GenericEndpoint notify
WARNING: Unsupported notification method: metals/windowStateDidChange
Feb 21, 2025 11:58:51 PM org.eclipse.lsp4j.jsonrpc.services.GenericEndpoint notify
WARNING: Unsupported notification method: metals/windowStateDidChange
Feb 21, 2025 11:58:52 PM org.eclipse.lsp4j.jsonrpc.services.GenericEndpoint notify
WARNING: Unsupported notification method: metals/windowStateDidChange
Feb 21, 2025 11:58:53 PM org.eclipse.lsp4j.jsonrpc.services.GenericEndpoint notify
WARNING: Unsupported notification method: metals/windowStateDidChange
Feb 21, 2025 11:59:03 PM org.eclipse.lsp4j.jsonrpc.services.GenericEndpoint notify
WARNING: Unsupported notification method: metals/windowStateDidChange
Feb 21, 2025 11:59:26 PM org.eclipse.lsp4j.jsonrpc.services.GenericEndpoint notify
WARNING: Unsupported notification method: metals/windowStateDidChange
Feb 21, 2025 11:59:27 PM org.eclipse.lsp4j.jsonrpc.services.GenericEndpoint notify
WARNING: Unsupported notification method: metals/windowStateDidChange
Feb 21, 2025 11:59:34 PM org.eclipse.lsp4j.jsonrpc.services.GenericEndpoint notify
WARNING: Unsupported notification method: metals/windowStateDidChange
Feb 21, 2025 11:59:35 PM org.eclipse.lsp4j.jsonrpc.services.GenericEndpoint notify
WARNING: Unsupported notification method: metals/windowStateDidChange
Feb 21, 2025 11:59:35 PM org.eclipse.lsp4j.jsonrpc.services.GenericEndpoint notify
WARNING: Unsupported notification method: metals/windowStateDidChange
Feb 21, 2025 11:59:37 PM org.eclipse.lsp4j.jsonrpc.services.GenericEndpoint notify
WARNING: Unsupported notification method: metals/windowStateDidChange
Feb 21, 2025 11:59:53 PM org.eclipse.lsp4j.jsonrpc.services.GenericEndpoint notify
WARNING: Unsupported notification method: metals/windowStateDidChange
Feb 21, 2025 11:59:54 PM org.eclipse.lsp4j.jsonrpc.services.GenericEndpoint notify
WARNING: Unsupported notification method: metals/windowStateDidChange
Feb 21, 2025 11:59:58 PM org.eclipse.lsp4j.jsonrpc.services.GenericEndpoint notify
WARNING: Unsupported notification method: metals/windowStateDidChange
Feb 21, 2025 11:59:59 PM org.eclipse.lsp4j.jsonrpc.services.GenericEndpoint notify
WARNING: Unsupported notification method: metals/windowStateDidChange
Feb 22, 2025 12:00:03 AM org.eclipse.lsp4j.jsonrpc.services.GenericEndpoint notify
WARNING: Unsupported notification method: metals/windowStateDidChange
Feb 22, 2025 12:00:04 AM org.eclipse.lsp4j.jsonrpc.services.GenericEndpoint notify
WARNING: Unsupported notification method: metals/windowStateDidChange
Feb 22, 2025 12:00:05 AM org.eclipse.lsp4j.jsonrpc.services.GenericEndpoint notify
WARNING: Unsupported notification method: metals/windowStateDidChange
Feb 22, 2025 12:00:06 AM org.eclipse.lsp4j.jsonrpc.services.GenericEndpoint notify
WARNING: Unsupported notification method: metals/windowStateDidChange
Feb 22, 2025 12:00:59 AM org.eclipse.lsp4j.jsonrpc.services.GenericEndpoint notify
WARNING: Unsupported notification method: metals/windowStateDidChange
Feb 22, 2025 12:02:01 AM org.eclipse.lsp4j.jsonrpc.services.GenericEndpoint notify
WARNING: Unsupported notification method: metals/windowStateDidChange
Feb 22, 2025 12:02:37 AM org.eclipse.lsp4j.jsonrpc.services.GenericEndpoint notify
WARNING: Unsupported notification method: metals/windowStateDidChange
Feb 22, 2025 12:02:58 AM org.eclipse.lsp4j.jsonrpc.services.GenericEndpoint notify
WARNING: Unsupported notification method: metals/windowStateDidChange
Feb 22, 2025 12:03:00 AM org.eclipse.lsp4j.jsonrpc.services.GenericEndpoint notify
WARNING: Unsupported notification method: metals/windowStateDidChange
Feb 22, 2025 12:03:01 AM org.eclipse.lsp4j.jsonrpc.services.GenericEndpoint notify
WARNING: Unsupported notification method: metals/windowStateDidChange
Feb 22, 2025 12:03:03 AM org.eclipse.lsp4j.jsonrpc.services.GenericEndpoint notify
WARNING: Unsupported notification method: metals/windowStateDidChange
Feb 22, 2025 12:03:05 AM org.eclipse.lsp4j.jsonrpc.services.GenericEndpoint notify
WARNING: Unsupported notification method: metals/windowStateDidChange
Feb 22, 2025 12:03:05 AM org.eclipse.lsp4j.jsonrpc.services.GenericEndpoint notify
WARNING: Unsupported notification method: metals/windowStateDidChange
Feb 22, 2025 12:03:06 AM org.eclipse.lsp4j.jsonrpc.services.GenericEndpoint notify
WARNING: Unsupported notification method: metals/windowStateDidChange
Feb 22, 2025 12:05:23 AM org.eclipse.lsp4j.jsonrpc.services.GenericEndpoint notify
WARNING: Unsupported notification method: metals/windowStateDidChange
Feb 22, 2025 12:05:27 AM org.eclipse.lsp4j.jsonrpc.services.GenericEndpoint notify
WARNING: Unsupported notification method: metals/windowStateDidChange
Feb 22, 2025 12:05:32 AM org.eclipse.lsp4j.jsonrpc.services.GenericEndpoint notify
WARNING: Unsupported notification method: metals/windowStateDidChange
Feb 22, 2025 12:05:33 AM org.eclipse.lsp4j.jsonrpc.services.GenericEndpoint notify
WARNING: Unsupported notification method: metals/windowStateDidChange
Feb 22, 2025 12:05:35 AM org.eclipse.lsp4j.jsonrpc.services.GenericEndpoint notify
WARNING: Unsupported notification method: metals/windowStateDidChange
Feb 22, 2025 12:05:35 AM org.eclipse.lsp4j.jsonrpc.services.GenericEndpoint notify
WARNING: Unsupported notification method: metals/windowStateDidChange
Feb 22, 2025 12:05:55 AM org.eclipse.lsp4j.jsonrpc.services.GenericEndpoint notify
WARNING: Unsupported notification method: metals/windowStateDidChange
Feb 22, 2025 12:05:55 AM org.eclipse.lsp4j.jsonrpc.services.GenericEndpoint notify
WARNING: Unsupported notification method: metals/windowStateDidChange
Feb 22, 2025 12:05:57 AM org.eclipse.lsp4j.jsonrpc.services.GenericEndpoint notify
WARNING: Unsupported notification method: metals/windowStateDidChange
Feb 22, 2025 12:05:59 AM org.eclipse.lsp4j.jsonrpc.services.GenericEndpoint notify
WARNING: Unsupported notification method: metals/windowStateDidChange
Feb 22, 2025 12:06:01 AM org.eclipse.lsp4j.jsonrpc.services.GenericEndpoint notify
WARNING: Unsupported notification method: metals/windowStateDidChange
Feb 22, 2025 12:06:22 AM org.eclipse.lsp4j.jsonrpc.services.GenericEndpoint notify
WARNING: Unsupported notification method: metals/windowStateDidChange
Feb 22, 2025 12:06:25 AM org.eclipse.lsp4j.jsonrpc.services.GenericEndpoint notify
WARNING: Unsupported notification method: metals/windowStateDidChange
Feb 22, 2025 12:06:25 AM org.eclipse.lsp4j.jsonrpc.services.GenericEndpoint notify
WARNING: Unsupported notification method: metals/windowStateDidChange
Feb 22, 2025 12:07:11 AM org.eclipse.lsp4j.jsonrpc.services.GenericEndpoint notify
WARNING: Unsupported notification method: metals/windowStateDidChange
Feb 22, 2025 12:11:27 AM org.eclipse.lsp4j.jsonrpc.services.GenericEndpoint notify
WARNING: Unsupported notification method: metals/windowStateDidChange
Feb 22, 2025 12:14:01 AM org.eclipse.lsp4j.jsonrpc.services.GenericEndpoint notify
WARNING: Unsupported notification method: metals/windowStateDidChange
Feb 22, 2025 12:14:03 AM org.eclipse.lsp4j.jsonrpc.services.GenericEndpoint notify
WARNING: Unsupported notification method: metals/windowStateDidChange
Feb 22, 2025 12:14:03 AM org.eclipse.lsp4j.jsonrpc.services.GenericEndpoint notify
WARNING: Unsupported notification method: metals/windowStateDidChange
Feb 22, 2025 12:14:14 AM org.eclipse.lsp4j.jsonrpc.services.GenericEndpoint notify
WARNING: Unsupported notification method: metals/windowStateDidChange
Feb 22, 2025 12:15:26 AM org.eclipse.lsp4j.jsonrpc.services.GenericEndpoint notify
WARNING: Unsupported notification method: metals/windowStateDidChange
Feb 22, 2025 12:15:50 AM org.eclipse.lsp4j.jsonrpc.services.GenericEndpoint notify
WARNING: Unsupported notification method: metals/windowStateDidChange
Feb 22, 2025 12:15:51 AM org.eclipse.lsp4j.jsonrpc.services.GenericEndpoint notify
WARNING: Unsupported notification method: metals/windowStateDidChange
Feb 22, 2025 12:15:51 AM org.eclipse.lsp4j.jsonrpc.services.GenericEndpoint notify
WARNING: Unsupported notification method: metals/windowStateDidChange
Feb 22, 2025 12:18:48 AM org.eclipse.lsp4j.jsonrpc.services.GenericEndpoint notify
WARNING: Unsupported notification method: metals/windowStateDidChange
Feb 22, 2025 12:18:50 AM org.eclipse.lsp4j.jsonrpc.services.GenericEndpoint notify
WARNING: Unsupported notification method: metals/windowStateDidChange
Feb 22, 2025 12:18:55 AM org.eclipse.lsp4j.jsonrpc.services.GenericEndpoint notify
WARNING: Unsupported notification method: metals/windowStateDidChange
Feb 22, 2025 12:18:55 AM org.eclipse.lsp4j.jsonrpc.services.GenericEndpoint notify
WARNING: Unsupported notification method: metals/windowStateDidChange
Feb 22, 2025 12:18:57 AM org.eclipse.lsp4j.jsonrpc.services.GenericEndpoint notify
WARNING: Unsupported notification method: metals/windowStateDidChange
Feb 22, 2025 12:18:58 AM org.eclipse.lsp4j.jsonrpc.services.GenericEndpoint notify
WARNING: Unsupported notification method: metals/windowStateDidChange
Feb 22, 2025 12:20:02 AM org.eclipse.lsp4j.jsonrpc.services.GenericEndpoint notify
WARNING: Unsupported notification method: metals/windowStateDidChange
Feb 22, 2025 12:20:43 AM org.eclipse.lsp4j.jsonrpc.services.GenericEndpoint notify
WARNING: Unsupported notification method: metals/windowStateDidChange
Feb 22, 2025 12:21:52 AM org.eclipse.lsp4j.jsonrpc.services.GenericEndpoint notify
WARNING: Unsupported notification method: metals/windowStateDidChange
Feb 22, 2025 12:21:52 AM org.eclipse.lsp4j.jsonrpc.services.GenericEndpoint notify
WARNING: Unsupported notification method: metals/windowStateDidChange
Feb 22, 2025 12:21:53 AM org.eclipse.lsp4j.jsonrpc.services.GenericEndpoint notify
WARNING: Unsupported notification method: metals/windowStateDidChange
Feb 22, 2025 12:22:00 AM org.eclipse.lsp4j.jsonrpc.services.GenericEndpoint notify
WARNING: Unsupported notification method: metals/windowStateDidChange
Feb 22, 2025 12:22:03 AM org.eclipse.lsp4j.jsonrpc.services.GenericEndpoint notify
WARNING: Unsupported notification method: metals/windowStateDidChange
Feb 22, 2025 12:22:11 AM org.eclipse.lsp4j.jsonrpc.services.GenericEndpoint notify
WARNING: Unsupported notification method: metals/windowStateDidChange
Feb 22, 2025 12:22:18 AM org.eclipse.lsp4j.jsonrpc.services.GenericEndpoint notify
WARNING: Unsupported notification method: metals/windowStateDidChange
Feb 22, 2025 12:22:41 AM org.eclipse.lsp4j.jsonrpc.services.GenericEndpoint notify
WARNING: Unsupported notification method: metals/windowStateDidChange
Feb 22, 2025 12:22:56 AM org.eclipse.lsp4j.jsonrpc.services.GenericEndpoint notify
WARNING: Unsupported notification method: metals/windowStateDidChange
Feb 22, 2025 12:40:33 AM org.eclipse.lsp4j.jsonrpc.services.GenericEndpoint notify
WARNING: Unsupported notification method: metals/windowStateDidChange
Feb 22, 2025 1:39:05 AM org.eclipse.lsp4j.jsonrpc.services.GenericEndpoint notify
WARNING: Unsupported notification method: metals/windowStateDidChange
Feb 22, 2025 1:39:08 AM org.eclipse.lsp4j.jsonrpc.services.GenericEndpoint notify
WARNING: Unsupported notification method: metals/windowStateDidChange
Feb 22, 2025 1:47:22 AM org.eclipse.lsp4j.jsonrpc.services.GenericEndpoint notify
WARNING: Unsupported notification method: metals/windowStateDidChange
Feb 22, 2025 1:47:23 AM org.eclipse.lsp4j.jsonrpc.services.GenericEndpoint notify
WARNING: Unsupported notification method: metals/windowStateDidChange
2025.02.22 01:47:55 INFO  no build target found for /Users/yongjian.tek/Desktop/language-tutorials/learn-scala/Coursera - Functional Programming in Scala/2. Functional Program Design in Scala/1. for Expressions and Monads/scratchpad/src/main/scala/4-slides copy.scala. Using presentation compiler with project's scala-library version: 3.5.2
2025.02.22 01:47:55 INFO  no build target found for /Users/yongjian.tek/Desktop/language-tutorials/learn-scala/Coursera - Functional Programming in Scala/2. Functional Program Design in Scala/1. for Expressions and Monads/scratchpad/src/main/scala/4-slides copy.scala. Using presentation compiler with project's scala-library version: 3.5.2
2025.02.22 01:47:55 INFO  no build target found for /Users/yongjian.tek/Desktop/language-tutorials/learn-scala/Coursera - Functional Programming in Scala/2. Functional Program Design in Scala/1. for Expressions and Monads/scratchpad/src/main/scala/4-slides copy.scala. Using presentation compiler with project's scala-library version: 3.5.2
2025.02.22 01:47:58 INFO  no build target found for /Users/yongjian.tek/Desktop/language-tutorials/learn-scala/Coursera - Functional Programming in Scala/2. Functional Program Design in Scala/1. for Expressions and Monads/scratchpad/src/main/scala/4-slides copy.scala. Using presentation compiler with project's scala-library version: 3.5.2
2025.02.22 01:47:58 INFO  no build target found for /Users/yongjian.tek/Desktop/language-tutorials/learn-scala/Coursera - Functional Programming in Scala/2. Functional Program Design in Scala/1. for Expressions and Monads/scratchpad/src/main/scala/6-slides.scala. Using presentation compiler with project's scala-library version: 3.5.2
2025.02.22 01:47:58 INFO  no build target found for /Users/yongjian.tek/Desktop/language-tutorials/learn-scala/Coursera - Functional Programming in Scala/2. Functional Program Design in Scala/1. for Expressions and Monads/scratchpad/src/main/scala/6-slides.scala. Using presentation compiler with project's scala-library version: 3.5.2
2025.02.22 01:47:58 INFO  no build target found for /Users/yongjian.tek/Desktop/language-tutorials/learn-scala/Coursera - Functional Programming in Scala/2. Functional Program Design in Scala/1. for Expressions and Monads/scratchpad/src/main/scala/6-slides.scala. Using presentation compiler with project's scala-library version: 3.5.2
2025.02.22 01:47:58 INFO  compiling language-tutorials_4b176b44ab (67 scala sources and 292 java sources)
2025.02.22 01:47:58 INFO  running doctor check
2025.02.22 01:47:58 INFO  java targets: language-tutorials_4b176b44ab, language-tutorials_4b176b44ab-test
2025.02.22 01:48:00 INFO  time: indexed workspace in 1.34s
2025.02.22 01:48:00 INFO  time: compiled language-tutorials_4b176b44ab in 1.63s
2025.02.22 01:48:00 INFO  compiling language-tutorials_4b176b44ab (67 scala sources and 292 java sources)
2025.02.22 01:48:00 INFO  Deduplicating compilation of language-tutorials_4b176b44ab from bsp client 'scala-cli 1.5.4' (since 13h 52m 11.026s)
2025.02.22 01:48:00 INFO  compiling language-tutorials_4b176b44ab (67 scala sources and 292 java sources)
2025.02.22 01:48:01 INFO  time: compiled language-tutorials_4b176b44ab in 1.05s
2025.02.22 01:48:05 INFO  compiling language-tutorials_4b176b44ab (67 scala sources and 292 java sources)
2025.02.22 01:48:06 INFO  time: compiled language-tutorials_4b176b44ab in 1.4s
2025.02.22 01:48:06 INFO  compiling language-tutorials_4b176b44ab (67 scala sources and 292 java sources)
2025.02.22 01:48:08 INFO  time: compiled language-tutorials_4b176b44ab in 1.52s
Feb 22, 2025 1:48:14 AM org.eclipse.lsp4j.jsonrpc.services.GenericEndpoint notify
WARNING: Unsupported notification method: metals/windowStateDidChange
Feb 22, 2025 1:48:16 AM org.eclipse.lsp4j.jsonrpc.services.GenericEndpoint notify
WARNING: Unsupported notification method: metals/windowStateDidChange
Feb 22, 2025 1:48:23 AM org.eclipse.lsp4j.jsonrpc.services.GenericEndpoint notify
WARNING: Unsupported notification method: metals/windowStateDidChange
Feb 22, 2025 1:48:26 AM org.eclipse.lsp4j.jsonrpc.services.GenericEndpoint notify
WARNING: Unsupported notification method: metals/windowStateDidChange
Feb 22, 2025 1:48:27 AM org.eclipse.lsp4j.jsonrpc.services.GenericEndpoint notify
WARNING: Unsupported notification method: metals/windowStateDidChange
Feb 22, 2025 1:48:39 AM org.eclipse.lsp4j.jsonrpc.services.GenericEndpoint notify
WARNING: Unsupported notification method: metals/windowStateDidChange
Feb 22, 2025 1:49:13 AM org.eclipse.lsp4j.jsonrpc.services.GenericEndpoint notify
WARNING: Unsupported notification method: metals/windowStateDidChange
Feb 22, 2025 1:49:26 AM org.eclipse.lsp4j.jsonrpc.services.GenericEndpoint notify
WARNING: Unsupported notification method: metals/windowStateDidChange
Feb 22, 2025 1:49:32 AM org.eclipse.lsp4j.jsonrpc.services.GenericEndpoint notify
WARNING: Unsupported notification method: metals/windowStateDidChange
Feb 22, 2025 1:49:36 AM org.eclipse.lsp4j.jsonrpc.services.GenericEndpoint notify
WARNING: Unsupported notification method: metals/windowStateDidChange
Feb 22, 2025 1:49:59 AM org.eclipse.lsp4j.jsonrpc.services.GenericEndpoint notify
WARNING: Unsupported notification method: metals/windowStateDidChange
Feb 22, 2025 1:50:07 AM org.eclipse.lsp4j.jsonrpc.services.GenericEndpoint notify
WARNING: Unsupported notification method: metals/windowStateDidChange
Feb 22, 2025 1:50:11 AM org.eclipse.lsp4j.jsonrpc.services.GenericEndpoint notify
WARNING: Unsupported notification method: metals/windowStateDidChange
Feb 22, 2025 1:50:14 AM org.eclipse.lsp4j.jsonrpc.services.GenericEndpoint notify
WARNING: Unsupported notification method: metals/windowStateDidChange
Feb 22, 2025 1:50:31 AM org.eclipse.lsp4j.jsonrpc.services.GenericEndpoint notify
WARNING: Unsupported notification method: metals/windowStateDidChange
Feb 22, 2025 1:50:32 AM org.eclipse.lsp4j.jsonrpc.services.GenericEndpoint notify
WARNING: Unsupported notification method: metals/windowStateDidChange
Feb 22, 2025 1:50:35 AM org.eclipse.lsp4j.jsonrpc.services.GenericEndpoint notify
WARNING: Unsupported notification method: metals/windowStateDidChange
Feb 22, 2025 1:50:36 AM org.eclipse.lsp4j.jsonrpc.services.GenericEndpoint notify
WARNING: Unsupported notification method: metals/windowStateDidChange
Feb 22, 2025 1:50:38 AM org.eclipse.lsp4j.jsonrpc.services.GenericEndpoint notify
WARNING: Unsupported notification method: metals/windowStateDidChange
Feb 22, 2025 1:50:39 AM org.eclipse.lsp4j.jsonrpc.services.GenericEndpoint notify
WARNING: Unsupported notification method: metals/windowStateDidChange
Feb 22, 2025 1:50:43 AM org.eclipse.lsp4j.jsonrpc.services.GenericEndpoint notify
WARNING: Unsupported notification method: metals/windowStateDidChange
Feb 22, 2025 1:50:44 AM org.eclipse.lsp4j.jsonrpc.services.GenericEndpoint notify
WARNING: Unsupported notification method: metals/windowStateDidChange
Feb 22, 2025 1:50:51 AM org.eclipse.lsp4j.jsonrpc.services.GenericEndpoint notify
WARNING: Unsupported notification method: metals/windowStateDidChange
Feb 22, 2025 1:50:52 AM org.eclipse.lsp4j.jsonrpc.services.GenericEndpoint notify
WARNING: Unsupported notification method: metals/windowStateDidChange
2025.02.22 01:51:07 INFO  compiling language-tutorials_4b176b44ab (67 scala sources and 292 java sources)
2025.02.22 01:51:08 INFO  time: compiled language-tutorials_4b176b44ab in 1.2s
2025.02.22 01:51:25 INFO  compiling language-tutorials_4b176b44ab (67 scala sources and 292 java sources)
2025.02.22 01:51:27 INFO  time: compiled language-tutorials_4b176b44ab in 1.26s
Feb 22, 2025 1:51:28 AM org.eclipse.lsp4j.jsonrpc.services.GenericEndpoint notify
WARNING: Unsupported notification method: metals/windowStateDidChange
Feb 22, 2025 1:51:30 AM org.eclipse.lsp4j.jsonrpc.services.GenericEndpoint notify
WARNING: Unsupported notification method: metals/windowStateDidChange
Feb 22, 2025 1:51:31 AM org.eclipse.lsp4j.jsonrpc.services.GenericEndpoint notify
WARNING: Unsupported notification method: metals/windowStateDidChange
Feb 22, 2025 1:51:35 AM org.eclipse.lsp4j.jsonrpc.services.GenericEndpoint notify
WARNING: Unsupported notification method: metals/windowStateDidChange
2025.02.22 01:51:38 INFO  compiling language-tutorials_4b176b44ab (67 scala sources and 292 java sources)
2025.02.22 01:51:39 INFO  time: compiled language-tutorials_4b176b44ab in 1.18s
2025.02.22 01:51:44 INFO  compiling language-tutorials_4b176b44ab (67 scala sources and 292 java sources)
2025.02.22 01:51:45 INFO  time: compiled language-tutorials_4b176b44ab in 1.12s
2025.02.22 01:51:48 INFO  compiling language-tutorials_4b176b44ab (67 scala sources and 292 java sources)
2025.02.22 01:51:49 INFO  time: compiled language-tutorials_4b176b44ab in 1.05s
2025.02.22 01:52:16 INFO  compiling language-tutorials_4b176b44ab (67 scala sources and 292 java sources)
2025.02.22 01:52:17 INFO  time: compiled language-tutorials_4b176b44ab in 1.08s
2025.02.22 01:52:18 INFO  compiling language-tutorials_4b176b44ab (67 scala sources and 292 java sources)
2025.02.22 01:52:19 INFO  time: compiled language-tutorials_4b176b44ab in 1.1s
2025.02.22 01:52:25 INFO  compiling language-tutorials_4b176b44ab (67 scala sources and 292 java sources)
2025.02.22 01:52:26 INFO  time: compiled language-tutorials_4b176b44ab in 1.13s
2025.02.22 01:52:37 INFO  compiling language-tutorials_4b176b44ab (67 scala sources and 292 java sources)
2025.02.22 01:52:38 INFO  time: compiled language-tutorials_4b176b44ab in 1.05s
Feb 22, 2025 1:52:44 AM scala.meta.internal.metals.StdReporter $anonfun$create$1
SEVERE: empty definition using pc, found symbol in pc: `<none>`. (full report at: /Users/yongjian.tek/Desktop/language-tutorials/.metals/.reports/metals-full/2025-02-21/r_empty-definition_(language-tutorials_4b176b44ab)_12-28-26-057.md)
2025.02.22 01:52:44 INFO  compiling language-tutorials_4b176b44ab (67 scala sources and 292 java sources)
2025.02.22 01:52:45 INFO  time: compiled language-tutorials_4b176b44ab in 1.13s
Feb 22, 2025 1:52:47 AM org.eclipse.lsp4j.jsonrpc.services.GenericEndpoint notify
WARNING: Unsupported notification method: metals/windowStateDidChange
Feb 22, 2025 1:52:57 AM org.eclipse.lsp4j.jsonrpc.services.GenericEndpoint notify
WARNING: Unsupported notification method: metals/windowStateDidChange
2025.02.22 01:53:14 INFO  compiling language-tutorials_4b176b44ab (67 scala sources and 292 java sources)
2025.02.22 01:53:15 INFO  time: compiled language-tutorials_4b176b44ab in 1.23s
2025.02.22 01:53:22 INFO  compiling language-tutorials_4b176b44ab (67 scala sources and 292 java sources)
Feb 22, 2025 1:53:22 AM org.eclipse.lsp4j.jsonrpc.services.GenericEndpoint notify
WARNING: Unsupported notification method: metals/windowStateDidChange
2025.02.22 01:53:23 INFO  time: compiled language-tutorials_4b176b44ab in 1.14s
Feb 22, 2025 1:53:25 AM org.eclipse.lsp4j.jsonrpc.services.GenericEndpoint notify
WARNING: Unsupported notification method: metals/windowStateDidChange
Feb 22, 2025 1:53:30 AM org.eclipse.lsp4j.jsonrpc.services.GenericEndpoint notify
WARNING: Unsupported notification method: metals/windowStateDidChange
2025.02.22 01:53:30 INFO  compiling language-tutorials_4b176b44ab (67 scala sources and 292 java sources)
2025.02.22 01:53:32 INFO  time: compiled language-tutorials_4b176b44ab in 1.26s
Feb 22, 2025 1:53:45 AM org.eclipse.lsp4j.jsonrpc.services.GenericEndpoint notify
WARNING: Unsupported notification method: metals/windowStateDidChange
Feb 22, 2025 1:53:53 AM scala.meta.internal.metals.StdReporter $anonfun$create$1
SEVERE: empty definition using pc, found symbol in pc: `<none>`. (full report at: /Users/yongjian.tek/Desktop/language-tutorials/.metals/.reports/metals-full/2025-02-21/r_empty-definition_(language-tutorials_4b176b44ab)_12-28-26-057.md)
2025.02.22 01:53:56 INFO  compiling language-tutorials_4b176b44ab (67 scala sources and 292 java sources)
2025.02.22 01:53:57 INFO  time: compiled language-tutorials_4b176b44ab in 1.19s
Feb 22, 2025 1:53:59 AM scala.meta.internal.metals.StdReporter $anonfun$create$1
SEVERE: empty definition using pc, found symbol in pc: mod1_slides6/ (full report at: /Users/yongjian.tek/Desktop/language-tutorials/.metals/.reports/metals-full/2025-02-22/r_empty-definition_(language-tutorials_4b176b44ab)_01-53-59-807.md)
Feb 22, 2025 1:54:00 AM org.eclipse.lsp4j.jsonrpc.services.GenericEndpoint notify
WARNING: Unsupported notification method: metals/windowStateDidChange
2025.02.22 01:54:00 INFO  compiling language-tutorials_4b176b44ab (67 scala sources and 292 java sources)
2025.02.22 01:54:01 INFO  time: compiled language-tutorials_4b176b44ab in 1.07s
Feb 22, 2025 1:54:08 AM org.eclipse.lsp4j.jsonrpc.services.GenericEndpoint notify
WARNING: Unsupported notification method: metals/windowStateDidChange
Feb 22, 2025 1:54:10 AM org.eclipse.lsp4j.jsonrpc.RemoteEndpoint handleCancellation
WARNING: Unmatched cancel notification for request id 10388
Feb 22, 2025 1:54:15 AM org.eclipse.lsp4j.jsonrpc.RemoteEndpoint handleCancellation
WARNING: Unmatched cancel notification for request id 10411
2025.02.22 01:54:21 WARN  Could not find 'Failure' using presentation compiler nor semanticdb. Trying to guess the definition using available information from local class context. 
Feb 22, 2025 1:54:21 AM scala.meta.internal.metals.StdReporter $anonfun$create$1
SEVERE: empty definition using pc, found symbol in pc: `<none>`. (full report at: /Users/yongjian.tek/Desktop/language-tutorials/.metals/.reports/metals-full/2025-02-21/r_empty-definition_(language-tutorials_4b176b44ab)_12-28-26-057.md)
2025.02.22 01:54:22 INFO  compiling language-tutorials_4b176b44ab (67 scala sources and 292 java sources)
2025.02.22 01:54:23 INFO  time: compiled language-tutorials_4b176b44ab in 1.13s
2025.02.22 01:54:33 INFO  compiling language-tutorials_4b176b44ab (67 scala sources and 292 java sources)
2025.02.22 01:54:34 INFO  time: compiled language-tutorials_4b176b44ab in 1.11s
Feb 22, 2025 1:54:35 AM org.eclipse.lsp4j.jsonrpc.services.GenericEndpoint notify
WARNING: Unsupported notification method: metals/windowStateDidChange
Feb 22, 2025 1:54:42 AM org.eclipse.lsp4j.jsonrpc.services.GenericEndpoint notify
WARNING: Unsupported notification method: metals/windowStateDidChange
Feb 22, 2025 1:54:53 AM org.eclipse.lsp4j.jsonrpc.services.GenericEndpoint notify
WARNING: Unsupported notification method: metals/windowStateDidChange
2025.02.22 01:54:53 INFO  compiling language-tutorials_4b176b44ab (67 scala sources and 292 java sources)
2025.02.22 01:54:54 INFO  time: compiled language-tutorials_4b176b44ab in 1.16s
Feb 22, 2025 1:55:01 AM org.eclipse.lsp4j.jsonrpc.services.GenericEndpoint notify
WARNING: Unsupported notification method: metals/windowStateDidChange
2025.02.22 01:55:08 INFO  compiling language-tutorials_4b176b44ab (67 scala sources and 292 java sources)
2025.02.22 01:55:09 INFO  time: compiled language-tutorials_4b176b44ab in 1.3s
Feb 22, 2025 1:55:16 AM org.eclipse.lsp4j.jsonrpc.services.GenericEndpoint notify
WARNING: Unsupported notification method: metals/windowStateDidChange
Feb 22, 2025 1:56:03 AM org.eclipse.lsp4j.jsonrpc.services.GenericEndpoint notify
WARNING: Unsupported notification method: metals/windowStateDidChange
Feb 22, 2025 1:56:18 AM org.eclipse.lsp4j.jsonrpc.services.GenericEndpoint notify
WARNING: Unsupported notification method: metals/windowStateDidChange
Feb 22, 2025 1:56:21 AM org.eclipse.lsp4j.jsonrpc.services.GenericEndpoint notify
WARNING: Unsupported notification method: metals/windowStateDidChange
Feb 22, 2025 1:56:34 AM org.eclipse.lsp4j.jsonrpc.services.GenericEndpoint notify
WARNING: Unsupported notification method: metals/windowStateDidChange
Feb 22, 2025 1:56:37 AM org.eclipse.lsp4j.jsonrpc.services.GenericEndpoint notify
WARNING: Unsupported notification method: metals/windowStateDidChange
Feb 22, 2025 1:56:47 AM org.eclipse.lsp4j.jsonrpc.services.GenericEndpoint notify
WARNING: Unsupported notification method: metals/windowStateDidChange
Feb 22, 2025 1:56:50 AM org.eclipse.lsp4j.jsonrpc.services.GenericEndpoint notify
WARNING: Unsupported notification method: metals/windowStateDidChange
Feb 22, 2025 1:56:55 AM org.eclipse.lsp4j.jsonrpc.services.GenericEndpoint notify
WARNING: Unsupported notification method: metals/windowStateDidChange
Feb 22, 2025 1:57:00 AM org.eclipse.lsp4j.jsonrpc.services.GenericEndpoint notify
WARNING: Unsupported notification method: metals/windowStateDidChange
Feb 22, 2025 1:57:09 AM org.eclipse.lsp4j.jsonrpc.services.GenericEndpoint notify
WARNING: Unsupported notification method: metals/windowStateDidChange
Feb 22, 2025 1:57:11 AM org.eclipse.lsp4j.jsonrpc.services.GenericEndpoint notify
WARNING: Unsupported notification method: metals/windowStateDidChange
Feb 22, 2025 1:57:11 AM org.eclipse.lsp4j.jsonrpc.services.GenericEndpoint notify
WARNING: Unsupported notification method: metals/windowStateDidChange
Feb 22, 2025 1:57:13 AM org.eclipse.lsp4j.jsonrpc.services.GenericEndpoint notify
WARNING: Unsupported notification method: metals/windowStateDidChange
Feb 22, 2025 1:57:17 AM org.eclipse.lsp4j.jsonrpc.services.GenericEndpoint notify
WARNING: Unsupported notification method: metals/windowStateDidChange
Feb 22, 2025 1:57:19 AM org.eclipse.lsp4j.jsonrpc.services.GenericEndpoint notify
WARNING: Unsupported notification method: metals/windowStateDidChange
Feb 22, 2025 1:57:20 AM org.eclipse.lsp4j.jsonrpc.services.GenericEndpoint notify
WARNING: Unsupported notification method: metals/windowStateDidChange
Feb 22, 2025 1:57:22 AM org.eclipse.lsp4j.jsonrpc.services.GenericEndpoint notify
WARNING: Unsupported notification method: metals/windowStateDidChange
Feb 22, 2025 1:57:27 AM org.eclipse.lsp4j.jsonrpc.services.GenericEndpoint notify
WARNING: Unsupported notification method: metals/windowStateDidChange
Feb 22, 2025 1:57:28 AM org.eclipse.lsp4j.jsonrpc.services.GenericEndpoint notify
WARNING: Unsupported notification method: metals/windowStateDidChange
Feb 22, 2025 1:57:33 AM org.eclipse.lsp4j.jsonrpc.services.GenericEndpoint notify
WARNING: Unsupported notification method: metals/windowStateDidChange
Feb 22, 2025 1:57:36 AM org.eclipse.lsp4j.jsonrpc.services.GenericEndpoint notify
WARNING: Unsupported notification method: metals/windowStateDidChange
Feb 22, 2025 1:57:40 AM org.eclipse.lsp4j.jsonrpc.services.GenericEndpoint notify
WARNING: Unsupported notification method: metals/windowStateDidChange
Feb 22, 2025 1:57:42 AM org.eclipse.lsp4j.jsonrpc.services.GenericEndpoint notify
WARNING: Unsupported notification method: metals/windowStateDidChange
Feb 22, 2025 1:57:43 AM org.eclipse.lsp4j.jsonrpc.services.GenericEndpoint notify
WARNING: Unsupported notification method: metals/windowStateDidChange
Feb 22, 2025 1:57:45 AM org.eclipse.lsp4j.jsonrpc.services.GenericEndpoint notify
WARNING: Unsupported notification method: metals/windowStateDidChange
Feb 22, 2025 1:57:53 AM org.eclipse.lsp4j.jsonrpc.services.GenericEndpoint notify
WARNING: Unsupported notification method: metals/windowStateDidChange
Feb 22, 2025 1:57:54 AM org.eclipse.lsp4j.jsonrpc.services.GenericEndpoint notify
WARNING: Unsupported notification method: metals/windowStateDidChange
Feb 22, 2025 1:58:02 AM org.eclipse.lsp4j.jsonrpc.services.GenericEndpoint notify
WARNING: Unsupported notification method: metals/windowStateDidChange
Feb 22, 2025 1:58:10 AM org.eclipse.lsp4j.jsonrpc.services.GenericEndpoint notify
WARNING: Unsupported notification method: metals/windowStateDidChange
Feb 22, 2025 1:58:15 AM org.eclipse.lsp4j.jsonrpc.services.GenericEndpoint notify
WARNING: Unsupported notification method: metals/windowStateDidChange
Feb 22, 2025 1:58:17 AM org.eclipse.lsp4j.jsonrpc.services.GenericEndpoint notify
WARNING: Unsupported notification method: metals/windowStateDidChange
Feb 22, 2025 1:58:25 AM org.eclipse.lsp4j.jsonrpc.services.GenericEndpoint notify
WARNING: Unsupported notification method: metals/windowStateDidChange
Feb 22, 2025 1:58:27 AM org.eclipse.lsp4j.jsonrpc.services.GenericEndpoint notify
WARNING: Unsupported notification method: metals/windowStateDidChange
Feb 22, 2025 1:58:30 AM org.eclipse.lsp4j.jsonrpc.services.GenericEndpoint notify
WARNING: Unsupported notification method: metals/windowStateDidChange
Feb 22, 2025 1:58:33 AM org.eclipse.lsp4j.jsonrpc.services.GenericEndpoint notify
WARNING: Unsupported notification method: metals/windowStateDidChange
Feb 22, 2025 1:58:37 AM org.eclipse.lsp4j.jsonrpc.services.GenericEndpoint notify
WARNING: Unsupported notification method: metals/windowStateDidChange
Feb 22, 2025 1:58:38 AM org.eclipse.lsp4j.jsonrpc.services.GenericEndpoint notify
WARNING: Unsupported notification method: metals/windowStateDidChange
Feb 22, 2025 1:58:48 AM org.eclipse.lsp4j.jsonrpc.services.GenericEndpoint notify
WARNING: Unsupported notification method: metals/windowStateDidChange
Feb 22, 2025 1:58:51 AM org.eclipse.lsp4j.jsonrpc.services.GenericEndpoint notify
WARNING: Unsupported notification method: metals/windowStateDidChange
Feb 22, 2025 1:58:55 AM org.eclipse.lsp4j.jsonrpc.services.GenericEndpoint notify
WARNING: Unsupported notification method: metals/windowStateDidChange
Feb 22, 2025 1:58:57 AM org.eclipse.lsp4j.jsonrpc.services.GenericEndpoint notify
WARNING: Unsupported notification method: metals/windowStateDidChange
Feb 22, 2025 1:58:59 AM org.eclipse.lsp4j.jsonrpc.services.GenericEndpoint notify
WARNING: Unsupported notification method: metals/windowStateDidChange
Feb 22, 2025 1:59:02 AM org.eclipse.lsp4j.jsonrpc.services.GenericEndpoint notify
WARNING: Unsupported notification method: metals/windowStateDidChange
Feb 22, 2025 1:59:11 AM org.eclipse.lsp4j.jsonrpc.services.GenericEndpoint notify
WARNING: Unsupported notification method: metals/windowStateDidChange
Feb 22, 2025 1:59:13 AM org.eclipse.lsp4j.jsonrpc.services.GenericEndpoint notify
WARNING: Unsupported notification method: metals/windowStateDidChange
Feb 22, 2025 2:00:06 AM org.eclipse.lsp4j.jsonrpc.services.GenericEndpoint notify
WARNING: Unsupported notification method: metals/windowStateDidChange
Feb 22, 2025 2:00:06 AM org.eclipse.lsp4j.jsonrpc.services.GenericEndpoint notify
WARNING: Unsupported notification method: metals/windowStateDidChange
Feb 22, 2025 2:00:09 AM org.eclipse.lsp4j.jsonrpc.services.GenericEndpoint notify
WARNING: Unsupported notification method: metals/windowStateDidChange
Feb 22, 2025 2:00:16 AM org.eclipse.lsp4j.jsonrpc.services.GenericEndpoint notify
WARNING: Unsupported notification method: metals/windowStateDidChange
Feb 22, 2025 2:00:23 AM org.eclipse.lsp4j.jsonrpc.services.GenericEndpoint notify
WARNING: Unsupported notification method: metals/windowStateDidChange
Feb 22, 2025 2:01:31 AM org.eclipse.lsp4j.jsonrpc.services.GenericEndpoint notify
WARNING: Unsupported notification method: metals/windowStateDidChange
Feb 22, 2025 2:03:59 AM org.eclipse.lsp4j.jsonrpc.services.GenericEndpoint notify
WARNING: Unsupported notification method: metals/windowStateDidChange
Feb 22, 2025 2:04:03 AM org.eclipse.lsp4j.jsonrpc.services.GenericEndpoint notify
WARNING: Unsupported notification method: metals/windowStateDidChange
2025.02.22 02:05:06 INFO  no build target found for /Users/yongjian.tek/Desktop/language-tutorials/learn-scala/Coursera - Functional Programming in Scala/2. Functional Program Design in Scala/1. for Expressions and Monads/assignments/quickcheck/src/main/scala/quickcheck/Heap.scala. Using presentation compiler with project's scala-library version: 3.5.2
2025.02.22 02:05:06 INFO  no build target found for /Users/yongjian.tek/Desktop/language-tutorials/learn-scala/Coursera - Functional Programming in Scala/2. Functional Program Design in Scala/1. for Expressions and Monads/assignments/quickcheck/src/main/scala/quickcheck/Heap.scala. Using presentation compiler with project's scala-library version: 3.5.2
2025.02.22 02:05:07 INFO  no build target found for /Users/yongjian.tek/Desktop/language-tutorials/learn-scala/Coursera - Functional Programming in Scala/2. Functional Program Design in Scala/1. for Expressions and Monads/assignments/quickcheck/src/main/scala/quickcheck/Heap.scala. Using presentation compiler with project's scala-library version: 3.5.2
2025.02.22 02:05:14 INFO  no build target found for /Users/yongjian.tek/Desktop/language-tutorials/learn-scala/Coursera - Functional Programming in Scala/2. Functional Program Design in Scala/1. for Expressions and Monads/assignments/quickcheck/src/main/scala/quickcheck/Heap.scala. Using presentation compiler with project's scala-library version: 3.5.2
Feb 22, 2025 2:05:15 AM scala.meta.internal.metals.StdReporter $anonfun$create$1
SEVERE: empty definition using pc, found symbol in pc: quickcheck/ (full report at: /Users/yongjian.tek/Desktop/language-tutorials/.metals/.reports/metals-full/2025-02-22/r_empty-definition_02-05-15-078.md)
2025.02.22 02:05:15 INFO  no build target found for /Users/yongjian.tek/Desktop/language-tutorials/learn-scala/Coursera - Functional Programming in Scala/2. Functional Program Design in Scala/1. for Expressions and Monads/assignments/quickcheck/src/main/scala/quickcheck/Heap.scala. Using presentation compiler with project's scala-library version: 3.5.2
Feb 22, 2025 2:05:15 AM scala.meta.internal.metals.StdReporter $anonfun$create$1
SEVERE: empty definition using pc, found symbol in pc: quickcheck/ (full report at: /Users/yongjian.tek/Desktop/language-tutorials/.metals/.reports/metals-full/2025-02-22/r_empty-definition_02-05-15-078.md)
2025.02.22 02:05:16 INFO  no build target found for /Users/yongjian.tek/Desktop/language-tutorials/learn-scala/Coursera - Functional Programming in Scala/2. Functional Program Design in Scala/1. for Expressions and Monads/assignments/quickcheck/src/main/scala/quickcheck/Heap.scala. Using presentation compiler with project's scala-library version: 3.5.2
2025.02.22 02:05:16 INFO  no build target found for /Users/yongjian.tek/Desktop/language-tutorials/learn-scala/Coursera - Functional Programming in Scala/2. Functional Program Design in Scala/1. for Expressions and Monads/assignments/quickcheck/src/main/scala/quickcheck/QuickCheck.scala. Using presentation compiler with project's scala-library version: 3.5.2
2025.02.22 02:05:16 INFO  no build target found for /Users/yongjian.tek/Desktop/language-tutorials/learn-scala/Coursera - Functional Programming in Scala/2. Functional Program Design in Scala/1. for Expressions and Monads/assignments/quickcheck/src/main/scala/quickcheck/QuickCheck.scala. Using presentation compiler with project's scala-library version: 3.5.2
2025.02.22 02:05:16 INFO  no build target found for /Users/yongjian.tek/Desktop/language-tutorials/learn-scala/Coursera - Functional Programming in Scala/2. Functional Program Design in Scala/1. for Expressions and Monads/assignments/quickcheck/src/main/scala/quickcheck/QuickCheck.scala. Using presentation compiler with project's scala-library version: 3.5.2
2025.02.22 02:05:17 INFO  no build target found for /Users/yongjian.tek/Desktop/language-tutorials/learn-scala/Coursera - Functional Programming in Scala/2. Functional Program Design in Scala/1. for Expressions and Monads/assignments/quickcheck/src/main/scala/quickcheck/QuickCheck.scala. Using presentation compiler with project's scala-library version: 3.5.2
2025.02.22 02:05:19 INFO  no build target found for /Users/yongjian.tek/Desktop/language-tutorials/learn-scala/Coursera - Functional Programming in Scala/2. Functional Program Design in Scala/1. for Expressions and Monads/assignments/quickcheck/src/main/scala/quickcheck/Heap.scala. Using presentation compiler with project's scala-library version: 3.5.2
2025.02.22 02:05:19 INFO  no build target found for /Users/yongjian.tek/Desktop/language-tutorials/learn-scala/Coursera - Functional Programming in Scala/2. Functional Program Design in Scala/1. for Expressions and Monads/assignments/quickcheck/src/main/scala/quickcheck/Heap.scala. Using presentation compiler with project's scala-library version: 3.5.2
2025.02.22 02:05:19 INFO  no build target found for /Users/yongjian.tek/Desktop/language-tutorials/learn-scala/Coursera - Functional Programming in Scala/2. Functional Program Design in Scala/1. for Expressions and Monads/assignments/quickcheck/src/main/scala/quickcheck/Heap.scala. Using presentation compiler with project's scala-library version: 3.5.2
2025.02.22 02:05:19 INFO  no build target found for /Users/yongjian.tek/Desktop/language-tutorials/learn-scala/Coursera - Functional Programming in Scala/2. Functional Program Design in Scala/1. for Expressions and Monads/assignments/quickcheck/src/main/scala/quickcheck/Heap.scala. Using presentation compiler with project's scala-library version: 3.5.2
2025.02.22 02:05:21 INFO  no build target found for /Users/yongjian.tek/Desktop/language-tutorials/learn-scala/Coursera - Functional Programming in Scala/2. Functional Program Design in Scala/1. for Expressions and Monads/assignments/quickcheck/src/main/scala/quickcheck/QuickCheck.scala. Using presentation compiler with project's scala-library version: 3.5.2
2025.02.22 02:05:21 INFO  no build target found for /Users/yongjian.tek/Desktop/language-tutorials/learn-scala/Coursera - Functional Programming in Scala/2. Functional Program Design in Scala/1. for Expressions and Monads/assignments/quickcheck/src/main/scala/quickcheck/QuickCheck.scala. Using presentation compiler with project's scala-library version: 3.5.2
2025.02.22 02:05:47 INFO  no build target found for /Users/yongjian.tek/Desktop/language-tutorials/learn-scala/Coursera - Functional Programming in Scala/2. Functional Program Design in Scala/1. for Expressions and Monads/assignments/quickcheck/src/test/scala/quickcheck/QuickCheckSuite.scala. Using presentation compiler with project's scala-library version: 3.5.2
2025.02.22 02:05:47 INFO  no build target found for /Users/yongjian.tek/Desktop/language-tutorials/learn-scala/Coursera - Functional Programming in Scala/2. Functional Program Design in Scala/1. for Expressions and Monads/assignments/quickcheck/src/test/scala/quickcheck/QuickCheckSuite.scala. Using presentation compiler with project's scala-library version: 3.5.2
2025.02.22 02:05:47 INFO  no build target found for /Users/yongjian.tek/Desktop/language-tutorials/learn-scala/Coursera - Functional Programming in Scala/2. Functional Program Design in Scala/1. for Expressions and Monads/assignments/quickcheck/src/test/scala/quickcheck/QuickCheckSuite.scala. Using presentation compiler with project's scala-library version: 3.5.2
2025.02.22 02:05:47 INFO  no build target found for /Users/yongjian.tek/Desktop/language-tutorials/learn-scala/Coursera - Functional Programming in Scala/2. Functional Program Design in Scala/1. for Expressions and Monads/assignments/quickcheck/src/test/scala/quickcheck/QuickCheckSuite.scala. Using presentation compiler with project's scala-library version: 3.5.2
2025.02.22 02:05:51 INFO  no build target found for /Users/yongjian.tek/Desktop/language-tutorials/learn-scala/Coursera - Functional Programming in Scala/2. Functional Program Design in Scala/1. for Expressions and Monads/assignments/quickcheck/src/main/scala/quickcheck/QuickCheck.scala. Using presentation compiler with project's scala-library version: 3.5.2
2025.02.22 02:05:51 INFO  no build target found for /Users/yongjian.tek/Desktop/language-tutorials/learn-scala/Coursera - Functional Programming in Scala/2. Functional Program Design in Scala/1. for Expressions and Monads/assignments/quickcheck/src/main/scala/quickcheck/QuickCheck.scala. Using presentation compiler with project's scala-library version: 3.5.2
2025.02.22 02:05:54 INFO  no build target found for /Users/yongjian.tek/Desktop/language-tutorials/learn-scala/Coursera - Functional Programming in Scala/2. Functional Program Design in Scala/1. for Expressions and Monads/assignments/quickcheck/src/test/scala/quickcheck/QuickCheckSuite.scala. Using presentation compiler with project's scala-library version: 3.5.2
2025.02.22 02:05:54 INFO  no build target found for /Users/yongjian.tek/Desktop/language-tutorials/learn-scala/Coursera - Functional Programming in Scala/2. Functional Program Design in Scala/1. for Expressions and Monads/assignments/quickcheck/src/test/scala/quickcheck/QuickCheckSuite.scala. Using presentation compiler with project's scala-library version: 3.5.2
2025.02.22 02:05:56 INFO  no build target found for /Users/yongjian.tek/Desktop/language-tutorials/learn-scala/Coursera - Functional Programming in Scala/2. Functional Program Design in Scala/1. for Expressions and Monads/assignments/quickcheck/src/test/scala/quickcheck/QuickCheckSuite.scala. Using presentation compiler with project's scala-library version: 3.5.2
2025.02.22 02:05:56 INFO  no build target found for /Users/yongjian.tek/Desktop/language-tutorials/learn-scala/Coursera - Functional Programming in Scala/2. Functional Program Design in Scala/1. for Expressions and Monads/assignments/quickcheck/src/main/scala/quickcheck/QuickCheck.scala. Using presentation compiler with project's scala-library version: 3.5.2
2025.02.22 02:05:57 INFO  no build target found for /Users/yongjian.tek/Desktop/language-tutorials/learn-scala/Coursera - Functional Programming in Scala/2. Functional Program Design in Scala/1. for Expressions and Monads/assignments/quickcheck/src/main/scala/quickcheck/Heap.scala. Using presentation compiler with project's scala-library version: 3.5.2
2025.02.22 02:05:57 INFO  no build target found for /Users/yongjian.tek/Desktop/language-tutorials/learn-scala/Coursera - Functional Programming in Scala/2. Functional Program Design in Scala/1. for Expressions and Monads/assignments/quickcheck/src/main/scala/quickcheck/Heap.scala. Using presentation compiler with project's scala-library version: 3.5.2
2025.02.22 02:05:59 INFO  no build target found for /Users/yongjian.tek/Desktop/language-tutorials/learn-scala/Coursera - Functional Programming in Scala/2. Functional Program Design in Scala/1. for Expressions and Monads/assignments/quickcheck/src/main/scala/quickcheck/QuickCheck.scala. Using presentation compiler with project's scala-library version: 3.5.2
2025.02.22 02:05:59 INFO  no build target found for /Users/yongjian.tek/Desktop/language-tutorials/learn-scala/Coursera - Functional Programming in Scala/2. Functional Program Design in Scala/1. for Expressions and Monads/assignments/quickcheck/src/main/scala/quickcheck/QuickCheck.scala. Using presentation compiler with project's scala-library version: 3.5.2
2025.02.22 02:06:23 INFO  no build target found for /Users/yongjian.tek/Desktop/language-tutorials/learn-scala/Coursera - Functional Programming in Scala/2. Functional Program Design in Scala/1. for Expressions and Monads/assignments/quickcheck/src/main/scala/quickcheck/QuickCheck.scala. Using presentation compiler with project's scala-library version: 3.5.2
2025.02.22 02:06:23 INFO  no build target found for /Users/yongjian.tek/Desktop/language-tutorials/learn-scala/Coursera - Functional Programming in Scala/2. Functional Program Design in Scala/1. for Expressions and Monads/assignments/quickcheck/src/main/scala/quickcheck/QuickCheck.scala. Using presentation compiler with project's scala-library version: 3.5.2
Feb 22, 2025 2:06:31 AM org.eclipse.lsp4j.jsonrpc.services.GenericEndpoint notify
WARNING: Unsupported notification method: metals/windowStateDidChange
Feb 22, 2025 2:07:13 AM org.eclipse.lsp4j.jsonrpc.services.GenericEndpoint notify
WARNING: Unsupported notification method: metals/windowStateDidChange
Feb 22, 2025 2:12:43 AM org.eclipse.lsp4j.jsonrpc.services.GenericEndpoint notify
WARNING: Unsupported notification method: metals/windowStateDidChange
Feb 22, 2025 2:12:45 AM org.eclipse.lsp4j.jsonrpc.services.GenericEndpoint notify
WARNING: Unsupported notification method: metals/windowStateDidChange
2025.02.22 02:13:31 INFO  no build target found for /Users/yongjian.tek/Desktop/language-tutorials/learn-scala/Coursera - Functional Programming in Scala/2. Functional Program Design in Scala/1. for Expressions and Monads/assignments/quickcheck/src/main/scala/quickcheck/QuickCheck.scala. Using presentation compiler with project's scala-library version: 3.5.2
2025.02.22 02:13:33 INFO  no build target found for /Users/yongjian.tek/Desktop/language-tutorials/learn-scala/Coursera - Functional Programming in Scala/2. Functional Program Design in Scala/1. for Expressions and Monads/assignments/quickcheck/src/main/scala/quickcheck/Heap.scala. Using presentation compiler with project's scala-library version: 3.5.2
2025.02.22 02:13:46 INFO  no build target found for /Users/yongjian.tek/Desktop/language-tutorials/learn-scala/Coursera - Functional Programming in Scala/2. Functional Program Design in Scala/1. for Expressions and Monads/assignments/quickcheck/src/main/scala/quickcheck/Heap.scala. Using presentation compiler with project's scala-library version: 3.5.2
Feb 22, 2025 2:13:46 AM org.eclipse.lsp4j.jsonrpc.services.GenericEndpoint notify
WARNING: Unsupported notification method: metals/windowStateDidChange
Feb 22, 2025 2:13:52 AM org.eclipse.lsp4j.jsonrpc.services.GenericEndpoint notify
WARNING: Unsupported notification method: metals/windowStateDidChange
Feb 22, 2025 2:13:57 AM org.eclipse.lsp4j.jsonrpc.services.GenericEndpoint notify
WARNING: Unsupported notification method: metals/windowStateDidChange
Feb 22, 2025 2:14:55 AM org.eclipse.lsp4j.jsonrpc.services.GenericEndpoint notify
WARNING: Unsupported notification method: metals/windowStateDidChange
Feb 22, 2025 11:46:53 AM org.eclipse.lsp4j.jsonrpc.services.GenericEndpoint notify
WARNING: Unsupported notification method: metals/windowStateDidChange
Feb 22, 2025 11:46:54 AM org.eclipse.lsp4j.jsonrpc.services.GenericEndpoint notify
WARNING: Unsupported notification method: metals/windowStateDidChange
2025.02.22 11:46:55 INFO  no build target found for /Users/yongjian.tek/Desktop/language-tutorials/learn-scala/Coursera - Functional Programming in Scala/2. Functional Program Design in Scala/1. for Expressions and Monads/assignments/quickcheck/src/main/scala/quickcheck/Heap.scala. Using presentation compiler with project's scala-library version: 3.5.2
Feb 22, 2025 11:46:56 AM scala.meta.internal.metals.StdReporter $anonfun$create$1
SEVERE: empty definition using pc, found symbol in pc: `<none>`. (full report at: /Users/yongjian.tek/Desktop/language-tutorials/.metals/.reports/metals-full/2025-02-21/r_empty-definition_(language-tutorials_4b176b44ab)_12-28-26-057.md)
2025.02.22 11:46:55 INFO  no build target found for /Users/yongjian.tek/Desktop/language-tutorials/learn-scala/Coursera - Functional Programming in Scala/2. Functional Program Design in Scala/1. for Expressions and Monads/assignments/quickcheck/src/main/scala/quickcheck/Heap.scala. Using presentation compiler with project's scala-library version: 3.5.2
Feb 22, 2025 11:46:56 AM scala.meta.internal.metals.StdReporter $anonfun$create$1
SEVERE: empty definition using pc, found symbol in pc: `<none>`. (full report at: /Users/yongjian.tek/Desktop/language-tutorials/.metals/.reports/metals-full/2025-02-21/r_empty-definition_(language-tutorials_4b176b44ab)_12-28-26-057.md)
2025.02.22 11:46:57 INFO  no build target found for /Users/yongjian.tek/Desktop/language-tutorials/learn-scala/Coursera - Functional Programming in Scala/2. Functional Program Design in Scala/1. for Expressions and Monads/assignments/quickcheck/src/main/scala/quickcheck/Heap.scala. Using presentation compiler with project's scala-library version: 3.5.2
Feb 22, 2025 11:46:57 AM scala.meta.internal.metals.StdReporter $anonfun$create$1
SEVERE: empty definition using pc, found symbol in pc: `<none>`. (full report at: /Users/yongjian.tek/Desktop/language-tutorials/.metals/.reports/metals-full/2025-02-21/r_empty-definition_(language-tutorials_4b176b44ab)_12-28-26-057.md)
2025.02.22 11:46:57 INFO  no build target found for /Users/yongjian.tek/Desktop/language-tutorials/learn-scala/Coursera - Functional Programming in Scala/2. Functional Program Design in Scala/1. for Expressions and Monads/assignments/quickcheck/src/main/scala/quickcheck/Heap.scala. Using presentation compiler with project's scala-library version: 3.5.2
Feb 22, 2025 11:46:57 AM scala.meta.internal.metals.StdReporter $anonfun$create$1
SEVERE: empty definition using pc, found symbol in pc: `<none>`. (full report at: /Users/yongjian.tek/Desktop/language-tutorials/.metals/.reports/metals-full/2025-02-21/r_empty-definition_(language-tutorials_4b176b44ab)_12-28-26-057.md)
2025.02.22 11:46:57 INFO  no build target found for /Users/yongjian.tek/Desktop/language-tutorials/learn-scala/Coursera - Functional Programming in Scala/2. Functional Program Design in Scala/1. for Expressions and Monads/assignments/quickcheck/src/main/scala/quickcheck/Heap.scala. Using presentation compiler with project's scala-library version: 3.5.2
2025.02.22 11:46:57 INFO  no build target found for /Users/yongjian.tek/Desktop/language-tutorials/learn-scala/Coursera - Functional Programming in Scala/2. Functional Program Design in Scala/1. for Expressions and Monads/assignments/quickcheck/src/main/scala/quickcheck/Heap.scala. Using presentation compiler with project's scala-library version: 3.5.2
Feb 22, 2025 11:46:58 AM scala.meta.internal.metals.StdReporter $anonfun$create$1
SEVERE: empty definition using pc, found symbol in pc: quickcheck/ (full report at: /Users/yongjian.tek/Desktop/language-tutorials/.metals/.reports/metals-full/2025-02-22/r_empty-definition_02-05-15-078.md)
2025.02.22 11:46:57 INFO  no build target found for /Users/yongjian.tek/Desktop/language-tutorials/learn-scala/Coursera - Functional Programming in Scala/2. Functional Program Design in Scala/1. for Expressions and Monads/assignments/quickcheck/src/main/scala/quickcheck/Heap.scala. Using presentation compiler with project's scala-library version: 3.5.2
Feb 22, 2025 11:46:58 AM scala.meta.internal.metals.StdReporter $anonfun$create$1
SEVERE: empty definition using pc, found symbol in pc: quickcheck/ (full report at: /Users/yongjian.tek/Desktop/language-tutorials/.metals/.reports/metals-full/2025-02-22/r_empty-definition_02-05-15-078.md)
2025.02.22 11:46:59 INFO  no build target found for /Users/yongjian.tek/Desktop/language-tutorials/learn-scala/Coursera - Functional Programming in Scala/2. Functional Program Design in Scala/1. for Expressions and Monads/assignments/quickcheck/src/main/scala/quickcheck/Heap.scala. Using presentation compiler with project's scala-library version: 3.5.2
2025.02.22 11:46:59 INFO  no build target found for /Users/yongjian.tek/Desktop/language-tutorials/learn-scala/Coursera - Functional Programming in Scala/2. Functional Program Design in Scala/1. for Expressions and Monads/assignments/quickcheck/src/main/scala/quickcheck/QuickCheck.scala. Using presentation compiler with project's scala-library version: 3.5.2
2025.02.22 11:46:59 INFO  no build target found for /Users/yongjian.tek/Desktop/language-tutorials/learn-scala/Coursera - Functional Programming in Scala/2. Functional Program Design in Scala/1. for Expressions and Monads/assignments/quickcheck/src/main/scala/quickcheck/QuickCheck.scala. Using presentation compiler with project's scala-library version: 3.5.2
Feb 22, 2025 11:47:06 AM org.eclipse.lsp4j.jsonrpc.services.GenericEndpoint notify
WARNING: Unsupported notification method: metals/windowStateDidChange
Feb 22, 2025 11:47:10 AM org.eclipse.lsp4j.jsonrpc.services.GenericEndpoint notify
WARNING: Unsupported notification method: metals/windowStateDidChange
Feb 22, 2025 11:47:12 AM org.eclipse.lsp4j.jsonrpc.services.GenericEndpoint notify
WARNING: Unsupported notification method: metals/windowStateDidChange
Feb 22, 2025 11:47:12 AM org.eclipse.lsp4j.jsonrpc.services.GenericEndpoint notify
WARNING: Unsupported notification method: metals/windowStateDidChange
Feb 22, 2025 11:47:13 AM org.eclipse.lsp4j.jsonrpc.services.GenericEndpoint notify
WARNING: Unsupported notification method: metals/windowStateDidChange
Feb 22, 2025 11:48:04 AM org.eclipse.lsp4j.jsonrpc.services.GenericEndpoint notify
WARNING: Unsupported notification method: metals/windowStateDidChange
Feb 22, 2025 1:38:57 PM org.eclipse.lsp4j.jsonrpc.services.GenericEndpoint notify
WARNING: Unsupported notification method: metals/windowStateDidChange
Feb 22, 2025 1:38:57 PM org.eclipse.lsp4j.jsonrpc.services.GenericEndpoint notify
WARNING: Unsupported notification method: metals/windowStateDidChange
2025.02.22 13:39:02 INFO  Shutting down server
2025.02.22 13:39:02 INFO  shutting down Metals
2025.02.22 13:39:02 INFO  Shut down connection with build server.
2025.02.22 13:39:02 INFO  Exiting server
2025.04.12 15:35:39 INFO  Started: Metals version 1.5.2 in folders '/Users/yongjian.tek/Desktop/language-tutorials' for client Visual Studio Code 1.99.0.
2025.04.12 15:35:42 INFO  Attempting to connect to the build server...
2025.04.12 15:35:42 INFO  Running BSP server List(/Users/yongjian.tek/Library/Application Support/Coursier/bin/.scala-cli.aux, bsp, --json-options, /Users/yongjian.tek/Desktop/language-tutorials/.scala-build/ide-options-v2.json, --json-launcher-options, /Users/yongjian.tek/Desktop/language-tutorials/.scala-build/ide-launcher-options.json, --envs-file, /Users/yongjian.tek/Desktop/language-tutorials/.scala-build/ide-envs.json, /Users/yongjian.tek/Desktop/language-tutorials)
2025.04.12 15:35:43 INFO  tracing is disabled for protocol BSP, to enable tracing of incoming and outgoing JSON messages create an empty file at /Users/yongjian.tek/Desktop/language-tutorials/.metals/bsp.trace.json or /Users/yongjian.tek/Library/Caches/org.scalameta.metals/bsp.trace.json
2025.04.12 15:35:44 INFO  BSP server: Warning: Only java properties are supported in JAVA_OPTS and JDK_JAVA_OPTIONS environment variables. Other options are ignored: -Xmx3536m, -Xss4M
2025.04.12 15:35:47 INFO  BSP server: Checking https://github.com/coursier/jvm-index/raw/master/index.json
2025.04.12 15:35:47 INFO  BSP server: Checked https://github.com/coursier/jvm-index/raw/master/index.json
2025.04.12 15:35:47 INFO  BSP server: Downloading https://github.com/coursier/jvm-index/raw/master/index.json
2025.04.12 15:35:47 INFO  BSP server: Downloaded https://github.com/coursier/jvm-index/raw/master/index.json
2025.04.12 15:35:52 INFO  BSP server: Downloading https://repo1.maven.org/maven2/org/scala-lang/scala3-sbt-bridge/3.6.4/scala3-sbt-bridge-3.6.4.pom
2025.04.12 15:35:52 INFO  BSP server: Downloaded https://repo1.maven.org/maven2/org/scala-lang/scala3-sbt-bridge/3.6.4/scala3-sbt-bridge-3.6.4.pom
2025.04.12 15:35:52 INFO  BSP server: Downloading https://repo1.maven.org/maven2/org/scala-lang/scala3-sbt-bridge/3.6.4/scala3-sbt-bridge-3.6.4.jar
2025.04.12 15:35:53 INFO  BSP server: Downloaded https://repo1.maven.org/maven2/org/scala-lang/scala3-sbt-bridge/3.6.4/scala3-sbt-bridge-3.6.4.jar
2025.04.12 15:35:53 INFO  BSP server: Downloading https://repo1.maven.org/maven2/org/scala-lang/scala3-library_3/3.6.4/scala3-library_3-3.6.4-sources.jar
2025.04.12 15:35:53 INFO  BSP server: Downloaded https://repo1.maven.org/maven2/org/scala-lang/scala3-library_3/3.6.4/scala3-library_3-3.6.4-sources.jar
2025.04.12 15:35:54 INFO  time: Connected to build server in 11s
2025.04.12 15:35:54 INFO  Connected to Build server: scala-cli v1.7.1
2025.04.12 15:35:55 INFO  compiling language-tutorials_4b176b44ab (72 scala sources and 292 java sources)
2025.04.12 15:36:15 INFO  time: indexed workspace in 20s
2025.04.12 15:36:34 INFO  time: compiled language-tutorials_4b176b44ab in 38s
2025.04.12 15:36:34 INFO  compiling language-tutorials_4b176b44ab (72 scala sources and 292 java sources)
2025.04.12 15:36:53 INFO  time: compiled language-tutorials_4b176b44ab in 18s
2025.04.14 14:25:24 INFO  Shutting down server
2025.04.14 14:25:24 INFO  shutting down Metals
2025.04.14 14:25:24 INFO  Shut down connection with build server.
2025.04.14 14:25:24 INFO  Exiting server
2025.04.14 14:27:50 INFO  Started: Metals version 1.5.2 in folders '/Users/yongjian.tek/Desktop/language-tutorials' for client Visual Studio Code 1.99.0.
2025.04.14 14:27:53 INFO  Attempting to connect to the build server...
2025.04.14 14:27:53 INFO  Running BSP server List(/Users/yongjian.tek/Library/Application Support/Coursier/bin/.scala-cli.aux, bsp, --json-options, /Users/yongjian.tek/Desktop/language-tutorials/.scala-build/ide-options-v2.json, --json-launcher-options, /Users/yongjian.tek/Desktop/language-tutorials/.scala-build/ide-launcher-options.json, --envs-file, /Users/yongjian.tek/Desktop/language-tutorials/.scala-build/ide-envs.json, /Users/yongjian.tek/Desktop/language-tutorials)
2025.04.14 14:27:53 INFO  tracing is disabled for protocol BSP, to enable tracing of incoming and outgoing JSON messages create an empty file at /Users/yongjian.tek/Desktop/language-tutorials/.metals/bsp.trace.json or /Users/yongjian.tek/Library/Caches/org.scalameta.metals/bsp.trace.json
2025.04.14 14:27:54 INFO  BSP server: Warning: Only java properties are supported in JAVA_OPTS and JDK_JAVA_OPTIONS environment variables. Other options are ignored: -Xmx3536m, -Xss4M
2025.04.14 14:27:58 INFO  BSP server: Checking https://github.com/coursier/jvm-index/raw/master/index.json
2025.04.14 14:27:58 INFO  BSP server: Checked https://github.com/coursier/jvm-index/raw/master/index.json
2025.04.14 14:27:58 INFO  BSP server: Downloading https://github.com/coursier/jvm-index/raw/master/index.json
2025.04.14 14:27:58 INFO  BSP server: Downloaded https://github.com/coursier/jvm-index/raw/master/index.json
2025.04.14 14:28:08 INFO  time: Connected to build server in 14s
2025.04.14 14:28:08 INFO  Connected to Build server: scala-cli v1.7.1
2025.04.14 14:28:08 INFO  time: Imported build in 0.11s
2025.04.14 14:28:12 INFO  compiling language-tutorials_4b176b44ab (72 scala sources and 292 java sources)
2025.04.14 14:28:19 INFO  time: indexed workspace in 11s
2025.04.14 14:28:28 INFO  time: compiled language-tutorials_4b176b44ab in 16s
2025.04.14 14:28:28 INFO  compiling language-tutorials_4b176b44ab (72 scala sources and 292 java sources)
2025.04.14 14:28:39 INFO  time: compiled language-tutorials_4b176b44ab in 10s
2025.04.14 23:15:24 INFO  Shutting down server
2025.04.14 23:15:24 INFO  shutting down Metals
2025.04.14 23:15:24 INFO  Shut down connection with build server.
2025.04.14 23:15:24 INFO  Exiting server
2025.04.14 23:15:56 INFO  Started: Metals version 1.5.2 in folders '/Users/yongjian.tek/Desktop/language-tutorials' for client Visual Studio Code 1.99.2.
2025.04.14 23:15:57 INFO  Attempting to connect to the build server...
2025.04.14 23:15:57 INFO  Running BSP server List(/Users/yongjian.tek/Library/Application Support/Coursier/bin/.scala-cli.aux, bsp, --json-options, /Users/yongjian.tek/Desktop/language-tutorials/.scala-build/ide-options-v2.json, --json-launcher-options, /Users/yongjian.tek/Desktop/language-tutorials/.scala-build/ide-launcher-options.json, --envs-file, /Users/yongjian.tek/Desktop/language-tutorials/.scala-build/ide-envs.json, /Users/yongjian.tek/Desktop/language-tutorials)
2025.04.14 23:15:57 INFO  tracing is disabled for protocol BSP, to enable tracing of incoming and outgoing JSON messages create an empty file at /Users/yongjian.tek/Desktop/language-tutorials/.metals/bsp.trace.json or /Users/yongjian.tek/Library/Caches/org.scalameta.metals/bsp.trace.json
2025.04.14 23:15:57 INFO  BSP server: Warning: Only java properties are supported in JAVA_OPTS and JDK_JAVA_OPTIONS environment variables. Other options are ignored: -Xmx3536m, -Xss4M
2025.04.14 23:16:02 INFO  time: Connected to build server in 5.01s
2025.04.14 23:16:02 INFO  Connected to Build server: scala-cli v1.7.1
2025.04.14 23:16:03 INFO  compiling language-tutorials_4b176b44ab (72 scala sources and 292 java sources)
2025.04.14 23:16:07 INFO  time: indexed workspace in 4.95s
2025.04.14 23:16:09 INFO  time: compiled language-tutorials_4b176b44ab in 5.82s
2025.04.14 23:16:09 INFO  compiling language-tutorials_4b176b44ab (72 scala sources and 292 java sources)
2025.04.14 23:16:11 INFO  time: compiled language-tutorials_4b176b44ab in 2.28s
2025.04.16 15:50:54 INFO  BSP server: [E] Caught java.lang.InterruptedException
2025.04.16 15:50:54 INFO  BSP server: Bloop 'bsp' command exited with code 1. Something may be wrong with the current configuration.
2025.04.16 15:50:54 INFO  BSP server: Running the clean sub-command to clear the working directory and remove caches might help.
2025.04.16 15:50:54 INFO  BSP server: If the error persists, please report the issue as a bug and attach a log with increased verbosity by passing -v -v -v.
2025.04.17 14:10:48 INFO  Shutting down server
2025.04.17 14:10:48 INFO  shutting down Metals
2025.04.17 14:10:49 INFO  Shut down connection with build server.
2025.04.17 14:10:48 INFO  Exiting server
2025.04.17 14:11:16 INFO  Started: Metals version 1.5.2 in folders '/Users/yongjian.tek/Desktop/language-tutorials' for client Visual Studio Code 1.99.2.
2025.04.17 14:11:18 INFO  Attempting to connect to the build server...
2025.04.17 14:11:18 INFO  Running BSP server List(/Users/yongjian.tek/Library/Application Support/Coursier/bin/.scala-cli.aux, bsp, --json-options, /Users/yongjian.tek/Desktop/language-tutorials/.scala-build/ide-options-v2.json, --json-launcher-options, /Users/yongjian.tek/Desktop/language-tutorials/.scala-build/ide-launcher-options.json, --envs-file, /Users/yongjian.tek/Desktop/language-tutorials/.scala-build/ide-envs.json, /Users/yongjian.tek/Desktop/language-tutorials)
2025.04.17 14:11:18 INFO  tracing is disabled for protocol BSP, to enable tracing of incoming and outgoing JSON messages create an empty file at /Users/yongjian.tek/Desktop/language-tutorials/.metals/bsp.trace.json or /Users/yongjian.tek/Library/Caches/org.scalameta.metals/bsp.trace.json
2025.04.17 14:11:20 INFO  BSP server: Warning: Only java properties are supported in JAVA_OPTS and JDK_JAVA_OPTIONS environment variables. Other options are ignored: -Xmx3536m, -Xss4M
2025.04.17 14:11:21 INFO  BSP server: Checking https://github.com/coursier/jvm-index/raw/master/index.json
2025.04.17 14:11:21 INFO  BSP server: Checked https://github.com/coursier/jvm-index/raw/master/index.json
2025.04.17 14:11:21 INFO  BSP server: Downloading https://github.com/coursier/jvm-index/raw/master/index.json
2025.04.17 14:11:21 INFO  BSP server: Downloaded https://github.com/coursier/jvm-index/raw/master/index.json
2025.04.17 14:11:27 INFO  time: Connected to build server in 8.62s
2025.04.17 14:11:27 INFO  Connected to Build server: scala-cli v1.7.1
2025.04.17 14:11:27 INFO  time: Imported build in 0.12s
2025.04.17 14:11:28 INFO  compiling language-tutorials_4b176b44ab (72 scala sources and 292 java sources)
2025.04.17 14:11:33 INFO  time: indexed workspace in 6.29s
2025.04.17 14:11:49 INFO  time: compiled language-tutorials_4b176b44ab in 20s
2025.04.17 14:11:49 INFO  compiling language-tutorials_4b176b44ab (72 scala sources and 292 java sources)
2025.04.17 14:11:57 INFO  time: compiled language-tutorials_4b176b44ab in 7.44s
Apr 17, 2025 3:22:25 PM org.eclipse.lsp4j.jsonrpc.services.GenericEndpoint notify
INFO: Unsupported notification method: $/setTrace
2025.04.17 15:40:42 INFO  compiling language-tutorials_4b176b44ab (73 scala sources and 292 java sources)
2025.04.17 15:40:44 INFO  time: compiled language-tutorials_4b176b44ab in 2.4s
2025.04.17 15:40:44 INFO  time: Imported build in 2.51s
2025.04.17 15:40:44 INFO  compiling language-tutorials_4b176b44ab (73 scala sources and 292 java sources)
2025.04.17 15:40:46 INFO  time: indexed workspace in 2.21s
2025.04.17 15:40:47 INFO  time: compiled language-tutorials_4b176b44ab in 2.48s
2025.04.17 15:41:53 INFO  compiling language-tutorials_4b176b44ab (73 scala sources and 293 java sources)
2025.04.17 15:41:55 INFO  time: compiled language-tutorials_4b176b44ab in 2.09s
2025.04.17 15:41:55 INFO  time: Imported build in 2.19s
2025.04.17 15:41:55 INFO  compiling language-tutorials_4b176b44ab (73 scala sources and 293 java sources)
2025.04.17 15:41:58 INFO  time: indexed workspace in 2.4s
2025.04.17 15:41:58 INFO  time: compiled language-tutorials_4b176b44ab in 2.84s
Apr 17, 2025 3:42:08 PM scala.meta.internal.metals.StdReporter $anonfun$create$1
WARNING: QDox parse error in file:///Users/yongjian.tek/Desktop/language-tutorials/learn-scala/Rock%20the%20JVM/Scala%202%20Essentials/rock-the-jvm-scala-beginners/src/playground/JavaPlayground.java (full report at: /Users/yongjian.tek/Desktop/language-tutorials/.metals/.reports/metals-full/2025-04-17/r_qdox-error_(language-tutorials_4b176b44ab)_15-42-08-433.md)
2025.04.17 15:42:09 INFO  compiling language-tutorials_4b176b44ab (73 scala sources and 293 java sources)
Apr 17, 2025 3:42:12 PM scala.meta.internal.metals.StdReporter $anonfun$create$1
WARNING: QDox parse error in file:///Users/yongjian.tek/Desktop/language-tutorials/learn-scala/Rock%20the%20JVM/Scala%202%20Essentials/rock-the-jvm-scala-beginners/src/playground/JavaPlayground.java (full report at: /Users/yongjian.tek/Desktop/language-tutorials/.metals/.reports/metals-full/2025-04-17/r_qdox-error_(language-tutorials_4b176b44ab)_15-42-08-433.md)
2025.04.17 15:42:14 INFO  time: compiled language-tutorials_4b176b44ab in 4.89s
2025.04.17 15:42:15 INFO  compiling language-tutorials_4b176b44ab (73 scala sources and 293 java sources)
2025.04.17 15:42:21 INFO  time: compiled language-tutorials_4b176b44ab in 6.37s
2025.04.17 15:42:23 INFO  compiling language-tutorials_4b176b44ab (73 scala sources and 293 java sources)
2025.04.17 15:42:26 INFO  time: compiled language-tutorials_4b176b44ab in 3.14s
2025.04.17 15:42:26 INFO  compiling language-tutorials_4b176b44ab (73 scala sources and 293 java sources)
2025.04.17 15:42:30 INFO  time: compiled language-tutorials_4b176b44ab in 3.39s
2025.04.17 15:43:14 INFO  compiling language-tutorials_4b176b44ab (74 scala sources and 293 java sources)
2025.04.17 15:43:15 INFO  time: compiled language-tutorials_4b176b44ab in 1.69s
2025.04.17 15:43:15 INFO  time: Imported build in 1.8s
2025.04.17 15:43:15 INFO  compiling language-tutorials_4b176b44ab (74 scala sources and 293 java sources)
2025.04.17 15:43:18 INFO  time: indexed workspace in 2.5s
2025.04.17 15:43:19 INFO  time: compiled language-tutorials_4b176b44ab in 3.29s
2025.04.17 15:43:19 INFO  compiling language-tutorials_4b176b44ab (74 scala sources and 293 java sources)
2025.04.17 15:43:22 INFO  time: compiled language-tutorials_4b176b44ab in 2.85s
2025.04.17 15:43:27 INFO  compiling language-tutorials_4b176b44ab (74 scala sources and 293 java sources)
2025.04.17 15:43:30 INFO  time: compiled language-tutorials_4b176b44ab in 2.4s
2025.04.17 15:43:33 INFO  compiling language-tutorials_4b176b44ab (74 scala sources and 293 java sources)
2025.04.17 15:43:35 INFO  time: compiled language-tutorials_4b176b44ab in 2.21s
2025.04.17 15:43:36 INFO  compiling language-tutorials_4b176b44ab (74 scala sources and 293 java sources)
2025.04.17 15:43:40 INFO  time: compiled language-tutorials_4b176b44ab in 3.18s
2025.04.17 15:44:33 INFO  compiling language-tutorials_4b176b44ab (74 scala sources and 293 java sources)
2025.04.17 15:44:36 INFO  time: compiled language-tutorials_4b176b44ab in 2.95s
2025.04.17 15:44:54 INFO  compiling language-tutorials_4b176b44ab (74 scala sources and 293 java sources)
2025.04.17 15:44:57 INFO  time: compiled language-tutorials_4b176b44ab in 3.52s
2025.04.17 15:44:57 INFO  compiling language-tutorials_4b176b44ab (74 scala sources and 293 java sources)
2025.04.17 15:45:00 INFO  time: compiled language-tutorials_4b176b44ab in 2.14s
2025.04.17 15:45:15 INFO  compiling language-tutorials_4b176b44ab (74 scala sources and 293 java sources)
2025.04.17 15:45:18 INFO  time: compiled language-tutorials_4b176b44ab in 3.16s
2025.04.17 15:45:20 INFO  compiling language-tutorials_4b176b44ab (74 scala sources and 293 java sources)
2025.04.17 15:45:22 INFO  time: compiled language-tutorials_4b176b44ab in 2.44s
2025.04.17 15:54:30 INFO  compiling language-tutorials_4b176b44ab (75 scala sources and 293 java sources)
2025.04.17 15:54:32 INFO  time: compiled language-tutorials_4b176b44ab in 2.46s
2025.04.17 15:54:32 INFO  time: Imported build in 2.56s
2025.04.17 15:54:32 INFO  compiling language-tutorials_4b176b44ab (75 scala sources and 293 java sources)
2025.04.17 15:54:34 INFO  time: indexed workspace in 1.9s
2025.04.17 15:54:35 INFO  time: compiled language-tutorials_4b176b44ab in 2.1s
2025.04.17 15:54:43 INFO  compiling language-tutorials_4b176b44ab (75 scala sources and 293 java sources)
2025.04.17 15:54:45 INFO  time: compiled language-tutorials_4b176b44ab in 2.18s
2025.04.17 15:59:37 INFO  Shutting down server
2025.04.17 15:59:37 INFO  shutting down Metals
2025.04.17 15:59:38 INFO  Shut down connection with build server.
2025.04.17 15:59:37 INFO  Exiting server
2025.04.17 16:00:18 INFO  Started: Metals version 1.5.2 in folders '/Users/yongjian.tek/Desktop/language-tutorials' for client Visual Studio Code 1.99.3.
2025.04.17 16:00:20 INFO  Attempting to connect to the build server...
2025.04.17 16:00:20 INFO  Running BSP server List(/Users/yongjian.tek/Library/Application Support/Coursier/bin/.scala-cli.aux, bsp, --json-options, /Users/yongjian.tek/Desktop/language-tutorials/.scala-build/ide-options-v2.json, --json-launcher-options, /Users/yongjian.tek/Desktop/language-tutorials/.scala-build/ide-launcher-options.json, --envs-file, /Users/yongjian.tek/Desktop/language-tutorials/.scala-build/ide-envs.json, /Users/yongjian.tek/Desktop/language-tutorials)
2025.04.17 16:00:20 INFO  tracing is disabled for protocol BSP, to enable tracing of incoming and outgoing JSON messages create an empty file at /Users/yongjian.tek/Desktop/language-tutorials/.metals/bsp.trace.json or /Users/yongjian.tek/Library/Caches/org.scalameta.metals/bsp.trace.json
2025.04.17 16:00:20 INFO  BSP server: Warning: Only java properties are supported in JAVA_OPTS and JDK_JAVA_OPTIONS environment variables. Other options are ignored: -Xmx3536m, -Xss4M
2025.04.17 16:00:26 INFO  time: Connected to build server in 6.37s
2025.04.17 16:00:26 INFO  Connected to Build server: scala-cli v1.7.1
2025.04.17 16:00:27 INFO  compiling language-tutorials_4b176b44ab (75 scala sources and 293 java sources)
2025.04.17 16:00:31 INFO  time: compiled language-tutorials_4b176b44ab in 3.55s
2025.04.17 16:00:31 INFO  compiling language-tutorials_4b176b44ab (75 scala sources and 293 java sources)
2025.04.17 16:00:34 INFO  time: indexed workspace in 7.5s
2025.04.17 16:00:34 INFO  time: compiled language-tutorials_4b176b44ab in 3.4s
2025.04.18 08:11:27 INFO  Shutting down server
2025.04.18 08:11:27 INFO  shutting down Metals
2025.04.18 08:11:28 INFO  Shut down connection with build server.
2025.04.18 08:11:28 INFO  Exiting server
2025.04.18 08:17:55 INFO  Started: Metals version 1.5.2 in folders '/Users/yongjian.tek/Desktop/language-tutorials' for client Visual Studio Code 1.99.3.
2025.04.18 08:17:58 INFO  Attempting to connect to the build server...
2025.04.18 08:17:58 INFO  Running BSP server List(/Users/yongjian.tek/Library/Application Support/Coursier/bin/.scala-cli.aux, bsp, --json-options, /Users/yongjian.tek/Desktop/language-tutorials/.scala-build/ide-options-v2.json, --json-launcher-options, /Users/yongjian.tek/Desktop/language-tutorials/.scala-build/ide-launcher-options.json, --envs-file, /Users/yongjian.tek/Desktop/language-tutorials/.scala-build/ide-envs.json, /Users/yongjian.tek/Desktop/language-tutorials)
2025.04.18 08:17:59 INFO  tracing is disabled for protocol BSP, to enable tracing of incoming and outgoing JSON messages create an empty file at /Users/yongjian.tek/Desktop/language-tutorials/.metals/bsp.trace.json or /Users/yongjian.tek/Library/Caches/org.scalameta.metals/bsp.trace.json
2025.04.18 08:17:59 INFO  BSP server: Warning: Only java properties are supported in JAVA_OPTS and JDK_JAVA_OPTIONS environment variables. Other options are ignored: -Xmx3536m, -Xss4M
2025.04.18 08:18:06 INFO  time: Connected to build server in 7.51s
2025.04.18 08:18:06 INFO  Connected to Build server: scala-cli v1.7.1
2025.04.18 08:18:07 INFO  time: Imported build in 0.24s
2025.04.18 08:18:08 INFO  compiling language-tutorials_4b176b44ab (75 scala sources and 293 java sources)
2025.04.18 08:18:12 INFO  time: indexed workspace in 5.5s
2025.04.18 08:18:21 INFO  time: compiled language-tutorials_4b176b44ab in 12s
2025.04.18 08:18:21 INFO  compiling language-tutorials_4b176b44ab (75 scala sources and 293 java sources)
2025.04.18 08:18:26 INFO  time: compiled language-tutorials_4b176b44ab in 5.4s
2025.04.20 12:05:15 INFO  Shutting down server
2025.04.20 12:05:15 INFO  shutting down Metals
2025.04.20 12:05:16 INFO  Shut down connection with build server.
2025.04.20 12:05:15 INFO  Exiting server
2025.04.20 12:07:35 INFO  Started: Metals version 1.5.2 in folders '/Users/yongjian.tek/Desktop/language-tutorials' for client Visual Studio Code 1.99.3.
2025.04.20 12:07:41 INFO  Attempting to connect to the build server...
2025.04.20 12:07:41 INFO  Running BSP server List(/Users/yongjian.tek/Library/Application Support/Coursier/bin/.scala-cli.aux, bsp, --json-options, /Users/yongjian.tek/Desktop/language-tutorials/.scala-build/ide-options-v2.json, --json-launcher-options, /Users/yongjian.tek/Desktop/language-tutorials/.scala-build/ide-launcher-options.json, --envs-file, /Users/yongjian.tek/Desktop/language-tutorials/.scala-build/ide-envs.json, /Users/yongjian.tek/Desktop/language-tutorials)
2025.04.20 12:07:42 INFO  tracing is disabled for protocol BSP, to enable tracing of incoming and outgoing JSON messages create an empty file at /Users/yongjian.tek/Desktop/language-tutorials/.metals/bsp.trace.json or /Users/yongjian.tek/Library/Caches/org.scalameta.metals/bsp.trace.json
2025.04.20 12:07:50 INFO  BSP server: Checking https://github.com/coursier/jvm-index/raw/master/index.json
2025.04.20 12:07:50 INFO  BSP server: Checked https://github.com/coursier/jvm-index/raw/master/index.json
2025.04.20 12:07:50 INFO  BSP server: Downloading https://github.com/coursier/jvm-index/raw/master/index.json
2025.04.20 12:07:50 INFO  BSP server: Downloaded https://github.com/coursier/jvm-index/raw/master/index.json
2025.04.20 12:07:58 INFO  time: Connected to build server in 16s
2025.04.20 12:07:58 INFO  Connected to Build server: scala-cli v1.7.1
2025.04.20 12:07:58 INFO  time: Imported build in 0.17s
2025.04.20 12:08:00 INFO  compiling language-tutorials_4b176b44ab (75 scala sources and 293 java sources)
2025.04.20 12:08:07 INFO  time: indexed workspace in 9.15s
2025.04.20 12:08:16 INFO  time: compiled language-tutorials_4b176b44ab in 15s
2025.04.20 12:08:16 INFO  compiling language-tutorials_4b176b44ab (75 scala sources and 293 java sources)
2025.04.20 12:08:27 INFO  time: compiled language-tutorials_4b176b44ab in 10s
2025.04.20 13:41:10 INFO  Shutting down server
2025.04.20 13:41:10 INFO  shutting down Metals
2025.04.20 13:41:11 INFO  Shut down connection with build server.
2025.04.20 13:41:10 INFO  Exiting server
2025.04.20 13:41:28 INFO  Started: Metals version 1.5.2 in folders '/Users/yongjian.tek/Desktop/language-tutorials' for client Visual Studio Code 1.99.3.
2025.04.20 13:41:29 INFO  Attempting to connect to the build server...
2025.04.20 13:41:29 INFO  Running BSP server List(/Users/yongjian.tek/Library/Application Support/Coursier/bin/.scala-cli.aux, bsp, --json-options, /Users/yongjian.tek/Desktop/language-tutorials/.scala-build/ide-options-v2.json, --json-launcher-options, /Users/yongjian.tek/Desktop/language-tutorials/.scala-build/ide-launcher-options.json, --envs-file, /Users/yongjian.tek/Desktop/language-tutorials/.scala-build/ide-envs.json, /Users/yongjian.tek/Desktop/language-tutorials)
2025.04.20 13:41:29 INFO  tracing is disabled for protocol BSP, to enable tracing of incoming and outgoing JSON messages create an empty file at /Users/yongjian.tek/Desktop/language-tutorials/.metals/bsp.trace.json or /Users/yongjian.tek/Library/Caches/org.scalameta.metals/bsp.trace.json
2025.04.20 13:41:30 INFO  BSP server: Warning: Only java properties are supported in JAVA_OPTS and JDK_JAVA_OPTIONS environment variables. Other options are ignored: -Xmx3536m, -Xss4M
2025.04.20 13:41:34 INFO  time: Connected to build server in 4.69s
2025.04.20 13:41:34 INFO  Connected to Build server: scala-cli v1.7.1
2025.04.20 13:41:34 INFO  time: Imported build in 0.1s
2025.04.20 13:41:35 INFO  compiling language-tutorials_4b176b44ab (75 scala sources and 293 java sources)
2025.04.20 13:41:38 INFO  time: indexed workspace in 4.35s
2025.04.20 13:41:40 INFO  time: compiled language-tutorials_4b176b44ab in 5.74s
2025.04.20 13:41:40 INFO  compiling language-tutorials_4b176b44ab (75 scala sources and 293 java sources)
2025.04.20 13:41:44 INFO  time: compiled language-tutorials_4b176b44ab in 3.92s
Apr 20, 2025 1:42:06 PM org.eclipse.lsp4j.jsonrpc.services.GenericEndpoint notify
INFO: Unsupported notification method: $/setTrace
2025.04.20 13:43:05 INFO  Shutting down server
2025.04.20 13:43:05 INFO  shutting down Metals
2025.04.20 13:43:05 INFO  Shut down connection with build server.
2025.04.20 13:43:05 INFO  Exiting server
2025.04.20 13:43:25 INFO  Started: Metals version 1.5.2 in folders '/Users/yongjian.tek/Desktop/language-tutorials' for client Visual Studio Code 1.99.3.
2025.04.20 13:43:27 INFO  Attempting to connect to the build server...
2025.04.20 13:43:27 INFO  Running BSP server List(/Users/yongjian.tek/Library/Application Support/Coursier/bin/.scala-cli.aux, bsp, --json-options, /Users/yongjian.tek/Desktop/language-tutorials/.scala-build/ide-options-v2.json, --json-launcher-options, /Users/yongjian.tek/Desktop/language-tutorials/.scala-build/ide-launcher-options.json, --envs-file, /Users/yongjian.tek/Desktop/language-tutorials/.scala-build/ide-envs.json, /Users/yongjian.tek/Desktop/language-tutorials)
2025.04.20 13:43:27 INFO  tracing is disabled for protocol BSP, to enable tracing of incoming and outgoing JSON messages create an empty file at /Users/yongjian.tek/Desktop/language-tutorials/.metals/bsp.trace.json or /Users/yongjian.tek/Library/Caches/org.scalameta.metals/bsp.trace.json
2025.04.20 13:43:27 INFO  BSP server: Warning: Only java properties are supported in JAVA_OPTS and JDK_JAVA_OPTIONS environment variables. Other options are ignored: -Xmx3536m, -Xss4M
2025.04.20 13:43:31 INFO  time: Connected to build server in 4.66s
2025.04.20 13:43:31 INFO  Connected to Build server: scala-cli v1.7.1
2025.04.20 13:43:32 INFO  compiling language-tutorials_4b176b44ab (75 scala sources and 293 java sources)
2025.04.20 13:43:42 INFO  time: compiled language-tutorials_4b176b44ab in 9.86s
2025.04.20 13:43:42 INFO  compiling language-tutorials_4b176b44ab (75 scala sources and 293 java sources)
2025.04.20 13:43:49 INFO  time: compiled language-tutorials_4b176b44ab in 6.84s
2025.04.20 13:44:06 INFO  time: indexed workspace in 35s
2025.04.20 13:45:41 INFO  BSP server: [E] Caught java.lang.InterruptedException
2025.04.20 13:45:41 INFO  BSP server: Bloop 'bsp' command exited with code 1. Something may be wrong with the current configuration.
2025.04.20 13:45:41 INFO  BSP server: Running the clean sub-command to clear the working directory and remove caches might help.
2025.04.20 13:45:41 INFO  BSP server: If the error persists, please report the issue as a bug and attach a log with increased verbosity by passing -v -v -v.
2025.04.20 13:46:31 INFO  BSP server: Fatal error has occured within bloop bsp server, method: workspaceBuildTargets. Shutting down the server:
2025.04.20 13:46:31 INFO  BSP server:  org.eclipse.lsp4j.jsonrpc.JsonRpcException: java.io.IOException: Broken pipe
2025.04.20 13:46:31 INFO  BSP server: 	at org.eclipse.lsp4j.jsonrpc.json.StreamMessageConsumer.consume(StreamMessageConsumer.java:72)
2025.04.20 13:46:31 INFO  BSP server: 	at org.eclipse.lsp4j.jsonrpc.RemoteEndpoint.request(RemoteEndpoint.java:161)
2025.04.20 13:46:31 INFO  BSP server: 	at org.eclipse.lsp4j.jsonrpc.services.EndpointProxy.invoke(EndpointProxy.java:91)
2025.04.20 13:46:31 INFO  BSP server: 	at jdk.proxy4/jdk.proxy4.$Proxy48.workspaceBuildTargets(Unknown Source)
2025.04.20 13:46:31 INFO  BSP server: 	at scala.build.bsp.BuildServerForwardStubs.workspaceBuildTargets(BuildServerForwardStubs.scala:79)
2025.04.20 13:46:31 INFO  BSP server: 	at scala.build.bsp.BuildServerForwardStubs.workspaceBuildTargets$(BuildServerForwardStubs.scala:9)
2025.04.20 13:46:31 INFO  BSP server: 	at scala.build.bsp.BspServer.workspaceBuildTargets(BspServer.scala:273)
2025.04.20 13:46:31 INFO  BSP server: 	at scala.build.bsp.BuildServerProxy.workspaceBuildTargets(BuildServerProxy.scala:32)
2025.04.20 13:46:31 INFO  BSP server: 	at java.base@17.0.6/java.lang.reflect.Method.invoke(Method.java:568)
2025.04.20 13:46:31 INFO  BSP server: 	at org.eclipse.lsp4j.jsonrpc.services.GenericEndpoint.lambda$null$0(GenericEndpoint.java:65)
2025.04.20 13:46:31 INFO  BSP server: 	at org.eclipse.lsp4j.jsonrpc.services.GenericEndpoint.request(GenericEndpoint.java:120)
2025.04.20 13:46:31 INFO  BSP server: 	at org.eclipse.lsp4j.jsonrpc.RemoteEndpoint.handleRequest(RemoteEndpoint.java:261)
2025.04.20 13:46:31 INFO  BSP server: 	at org.eclipse.lsp4j.jsonrpc.RemoteEndpoint.consume(RemoteEndpoint.java:190)
2025.04.20 13:46:31 INFO  BSP server: 	at org.eclipse.lsp4j.jsonrpc.json.StreamMessageProducer.handleMessage(StreamMessageProducer.java:194)
2025.04.20 13:46:31 INFO  BSP server: 	at org.eclipse.lsp4j.jsonrpc.json.StreamMessageProducer.listen(StreamMessageProducer.java:94)
2025.04.20 13:46:31 INFO  BSP server: 	at org.eclipse.lsp4j.jsonrpc.json.ConcurrentMessageProcessor.run(ConcurrentMessageProcessor.java:113)
2025.04.20 13:46:31 INFO  BSP server: 	at java.base@17.0.6/java.util.concurrent.Executors$RunnableAdapter.call(Executors.java:539)
2025.04.20 13:46:31 INFO  BSP server: 	at java.base@17.0.6/java.util.concurrent.FutureTask.run(FutureTask.java:264)
2025.04.20 13:46:31 INFO  BSP server: 	at java.base@17.0.6/java.util.concurrent.ThreadPoolExecutor.runWorker(ThreadPoolExecutor.java:1136)
2025.04.20 13:46:31 INFO  BSP server: 	at java.base@17.0.6/java.util.concurrent.ThreadPoolExecutor$Worker.run(ThreadPoolExecutor.java:635)
2025.04.20 13:46:31 INFO  BSP server: 	at java.base@17.0.6/java.lang.Thread.run(Thread.java:833)
2025.04.20 13:46:31 INFO  BSP server: 	at com.oracle.svm.core.thread.PlatformThreads.threadStartRoutine(PlatformThreads.java:775)
2025.04.20 13:46:31 INFO  BSP server: 	at com.oracle.svm.core.posix.thread.PosixPlatformThreads.pthreadStartRoutine(PosixPlatformThreads.java:203)
2025.04.20 13:46:31 INFO  BSP server: Caused by: java.io.IOException: Broken pipe
2025.04.20 13:46:31 INFO  BSP server: 	at java.base@17.0.6/sun.nio.ch.FileDispatcherImpl.write0(FileDispatcherImpl.java)
2025.04.20 13:46:31 INFO  BSP server: 	at java.base@17.0.6/sun.nio.ch.SocketDispatcher.write(SocketDispatcher.java:62)
2025.04.20 13:46:31 INFO  BSP server: 	at java.base@17.0.6/sun.nio.ch.IOUtil.writeFromNativeBuffer(IOUtil.java:132)
2025.04.20 13:46:31 INFO  BSP server: 	at java.base@17.0.6/sun.nio.ch.IOUtil.write(IOUtil.java:97)
2025.04.20 13:46:31 INFO  BSP server: 	at java.base@17.0.6/sun.nio.ch.IOUtil.write(IOUtil.java:53)
2025.04.20 13:46:31 INFO  BSP server: 	at java.base@17.0.6/sun.nio.ch.SocketChannelImpl.write(SocketChannelImpl.java:532)
2025.04.20 13:46:31 INFO  BSP server: 	at java.base@17.0.6/java.nio.channels.Channels.writeFullyImpl(Channels.java:74)
2025.04.20 13:46:31 INFO  BSP server: 	at java.base@17.0.6/java.nio.channels.Channels.writeFully(Channels.java:93)
2025.04.20 13:46:31 INFO  BSP server: 	at java.base@17.0.6/java.nio.channels.Channels$1.write(Channels.java:171)
2025.04.20 13:46:31 INFO  BSP server: 	at java.base@17.0.6/java.io.OutputStream.write(OutputStream.java:127)
2025.04.20 13:46:31 INFO  BSP server: 	at org.eclipse.lsp4j.jsonrpc.json.StreamMessageConsumer.consume(StreamMessageConsumer.java:67)
2025.04.20 13:46:31 INFO  BSP server: 	... 22 more
2025.04.20 13:46:31 INFO  BSP server: 
2025.04.20 13:46:32 INFO  Running BSP server List(/Users/yongjian.tek/Library/Application Support/Coursier/bin/.scala-cli.aux, bsp, --json-options, /Users/yongjian.tek/Desktop/language-tutorials/.scala-build/ide-options-v2.json, --json-launcher-options, /Users/yongjian.tek/Desktop/language-tutorials/.scala-build/ide-launcher-options.json, --envs-file, /Users/yongjian.tek/Desktop/language-tutorials/.scala-build/ide-envs.json, /Users/yongjian.tek/Desktop/language-tutorials)
2025.04.20 13:46:32 INFO  tracing is disabled for protocol BSP, to enable tracing of incoming and outgoing JSON messages create an empty file at /Users/yongjian.tek/Desktop/language-tutorials/.metals/bsp.trace.json or /Users/yongjian.tek/Library/Caches/org.scalameta.metals/bsp.trace.json
2025.04.20 13:46:32 INFO  BSP server: Warning: Only java properties are supported in JAVA_OPTS and JDK_JAVA_OPTIONS environment variables. Other options are ignored: -Xmx3536m, -Xss4M
2025.04.20 13:46:35 INFO  Connected to Build server: scala-cli v1.7.1
2025.04.20 13:46:35 INFO  compiling language-tutorials_4b176b44ab (75 scala sources and 293 java sources)
2025.04.20 13:46:36 INFO  time: indexed workspace in 1.67s
2025.04.20 13:46:44 INFO  time: compiled language-tutorials_4b176b44ab in 9.29s
2025.04.20 13:46:44 INFO  compiling language-tutorials_4b176b44ab (75 scala sources and 293 java sources)
2025.04.20 13:46:51 INFO  time: compiled language-tutorials_4b176b44ab in 6.96s
Apr 20, 2025 2:06:53 PM org.eclipse.lsp4j.jsonrpc.services.GenericEndpoint notify
INFO: Unsupported notification method: $/setTrace
Apr 20, 2025 2:06:54 PM org.eclipse.lsp4j.jsonrpc.services.GenericEndpoint notify
INFO: Unsupported notification method: $/setTrace
2025.04.22 22:37:48 INFO  Shutting down server
2025.04.22 22:37:48 INFO  shutting down Metals
2025.04.22 22:37:48 INFO  Shut down connection with build server.
2025.04.22 22:37:48 INFO  Exiting server
2025.04.23 08:34:19 INFO  Started: Metals version 1.5.2 in folders '/Users/yongjian.tek/Desktop/language-tutorials' for client Visual Studio Code 1.99.3.
2025.04.23 08:34:22 INFO  Attempting to connect to the build server...
2025.04.23 08:34:22 INFO  Running BSP server List(/Users/yongjian.tek/Library/Application Support/Coursier/bin/.scala-cli.aux, bsp, --json-options, /Users/yongjian.tek/Desktop/language-tutorials/.scala-build/ide-options-v2.json, --json-launcher-options, /Users/yongjian.tek/Desktop/language-tutorials/.scala-build/ide-launcher-options.json, --envs-file, /Users/yongjian.tek/Desktop/language-tutorials/.scala-build/ide-envs.json, /Users/yongjian.tek/Desktop/language-tutorials)
2025.04.23 08:34:23 INFO  tracing is disabled for protocol BSP, to enable tracing of incoming and outgoing JSON messages create an empty file at /Users/yongjian.tek/Desktop/language-tutorials/.metals/bsp.trace.json or /Users/yongjian.tek/Library/Caches/org.scalameta.metals/bsp.trace.json
2025.04.23 08:34:24 INFO  BSP server: Warning: Only java properties are supported in JAVA_OPTS and JDK_JAVA_OPTIONS environment variables. Other options are ignored: -Xmx3536m, -Xss4M
2025.04.23 08:34:36 INFO  BSP server: Checking https://github.com/coursier/jvm-index/raw/master/index.json
2025.04.23 08:34:36 INFO  BSP server: Checked https://github.com/coursier/jvm-index/raw/master/index.json
2025.04.23 08:34:36 INFO  BSP server: Downloading https://github.com/coursier/jvm-index/raw/master/index.json
2025.04.23 08:34:36 INFO  BSP server: Downloaded https://github.com/coursier/jvm-index/raw/master/index.json
2025.04.23 08:34:53 INFO  time: Connected to build server in 30s
2025.04.23 08:34:53 INFO  Connected to Build server: scala-cli v1.7.1
2025.04.23 08:34:54 INFO  time: Imported build in 0.3s
2025.04.23 08:34:58 INFO  compiling language-tutorials_4b176b44ab (75 scala sources and 293 java sources)
2025.04.23 08:35:06 INFO  time: indexed workspace in 12s
2025.04.23 08:35:17 INFO  time: compiled language-tutorials_4b176b44ab in 19s
2025.04.23 08:35:17 INFO  compiling language-tutorials_4b176b44ab (75 scala sources and 293 java sources)
2025.04.23 08:35:30 INFO  time: compiled language-tutorials_4b176b44ab in 12s
Apr 23, 2025 6:15:20 PM org.eclipse.lsp4j.jsonrpc.services.GenericEndpoint notify
INFO: Unsupported notification method: $/setTrace
Apr 23, 2025 6:15:21 PM org.eclipse.lsp4j.jsonrpc.services.GenericEndpoint notify
INFO: Unsupported notification method: $/setTrace
Apr 24, 2025 8:34:21 AM org.eclipse.lsp4j.jsonrpc.services.GenericEndpoint notify
INFO: Unsupported notification method: $/setTrace
Apr 24, 2025 8:36:20 AM org.eclipse.lsp4j.jsonrpc.services.GenericEndpoint notify
INFO: Unsupported notification method: $/setTrace
Apr 24, 2025 4:16:59 PM org.eclipse.lsp4j.jsonrpc.services.GenericEndpoint notify
INFO: Unsupported notification method: $/setTrace
Apr 25, 2025 10:22:54 AM org.eclipse.lsp4j.jsonrpc.services.GenericEndpoint notify
INFO: Unsupported notification method: $/setTrace
Apr 25, 2025 11:50:41 PM org.eclipse.lsp4j.jsonrpc.services.GenericEndpoint notify
INFO: Unsupported notification method: $/setTrace
Apr 25, 2025 11:50:56 PM org.eclipse.lsp4j.jsonrpc.services.GenericEndpoint notify
INFO: Unsupported notification method: $/setTrace
Apr 25, 2025 11:50:58 PM org.eclipse.lsp4j.jsonrpc.services.GenericEndpoint notify
INFO: Unsupported notification method: $/setTrace
2025.04.26 13:37:14 INFO  Shutting down server
2025.04.26 13:37:14 INFO  shutting down Metals
2025.04.26 13:37:14 INFO  Shut down connection with build server.
2025.04.26 13:37:14 INFO  Exiting server
2025.04.26 13:41:24 INFO  Started: Metals version 1.5.2 in folders '/Users/yongjian.tek/Desktop/language-tutorials' for client Visual Studio Code 1.99.3.
2025.04.26 13:41:33 INFO  Attempting to connect to the build server...
2025.04.26 13:41:33 INFO  Running BSP server List(/Users/yongjian.tek/Library/Application Support/Coursier/bin/.scala-cli.aux, bsp, --json-options, /Users/yongjian.tek/Desktop/language-tutorials/.scala-build/ide-options-v2.json, --json-launcher-options, /Users/yongjian.tek/Desktop/language-tutorials/.scala-build/ide-launcher-options.json, --envs-file, /Users/yongjian.tek/Desktop/language-tutorials/.scala-build/ide-envs.json, /Users/yongjian.tek/Desktop/language-tutorials)
2025.04.26 13:41:34 INFO  tracing is disabled for protocol BSP, to enable tracing of incoming and outgoing JSON messages create an empty file at /Users/yongjian.tek/Desktop/language-tutorials/.metals/bsp.trace.json or /Users/yongjian.tek/Library/Caches/org.scalameta.metals/bsp.trace.json
2025.04.26 13:41:46 INFO  BSP server: Checking https://github.com/coursier/jvm-index/raw/master/index.json
2025.04.26 13:41:46 INFO  BSP server: Checked https://github.com/coursier/jvm-index/raw/master/index.json
2025.04.26 13:41:46 INFO  BSP server: Downloading https://github.com/coursier/jvm-index/raw/master/index.json
2025.04.26 13:41:46 INFO  BSP server: Downloaded https://github.com/coursier/jvm-index/raw/master/index.json
2025.04.26 13:41:59 INFO  time: Connected to build server in 25s
2025.04.26 13:41:59 INFO  Connected to Build server: scala-cli v1.7.1
2025.04.26 13:41:59 INFO  time: Imported build in 0.17s
2025.04.26 13:42:01 INFO  compiling language-tutorials_4b176b44ab (75 scala sources and 293 java sources)
2025.04.26 13:42:10 INFO  time: indexed workspace in 11s
2025.04.26 13:42:15 INFO  time: compiled language-tutorials_4b176b44ab in 14s
2025.04.26 13:42:15 INFO  compiling language-tutorials_4b176b44ab (75 scala sources and 293 java sources)
2025.04.26 13:42:19 INFO  time: compiled language-tutorials_4b176b44ab in 3.79s
2025.04.26 13:43:19 INFO  Shutting down server
2025.04.26 13:43:19 INFO  shutting down Metals
2025.04.26 13:43:19 INFO  Shut down connection with build server.
2025.04.26 13:43:19 INFO  Exiting server
2025.04.26 13:44:23 INFO  Started: Metals version 1.5.2 in folders '/Users/yongjian.tek/Desktop/language-tutorials' for client Visual Studio Code 1.99.3.
2025.04.26 13:44:24 INFO  Attempting to connect to the build server...
2025.04.26 13:44:24 INFO  Running BSP server List(/Users/yongjian.tek/Library/Application Support/Coursier/bin/.scala-cli.aux, bsp, --json-options, /Users/yongjian.tek/Desktop/language-tutorials/.scala-build/ide-options-v2.json, --json-launcher-options, /Users/yongjian.tek/Desktop/language-tutorials/.scala-build/ide-launcher-options.json, --envs-file, /Users/yongjian.tek/Desktop/language-tutorials/.scala-build/ide-envs.json, /Users/yongjian.tek/Desktop/language-tutorials)
2025.04.26 13:44:25 INFO  tracing is disabled for protocol BSP, to enable tracing of incoming and outgoing JSON messages create an empty file at /Users/yongjian.tek/Desktop/language-tutorials/.metals/bsp.trace.json or /Users/yongjian.tek/Library/Caches/org.scalameta.metals/bsp.trace.json
2025.04.26 13:44:25 INFO  BSP server: Warning: Only java properties are supported in JAVA_OPTS and JDK_JAVA_OPTIONS environment variables. Other options are ignored: -Xmx3536m, -Xss4M
2025.04.26 13:44:31 INFO  time: Connected to build server in 6.19s
2025.04.26 13:44:31 INFO  Connected to Build server: scala-cli v1.7.1
2025.04.26 13:44:32 INFO  compiling language-tutorials_4b176b44ab (75 scala sources and 293 java sources)
2025.04.26 13:44:38 INFO  time: indexed workspace in 6.98s
2025.04.26 13:44:39 INFO  time: compiled language-tutorials_4b176b44ab in 6.98s
2025.04.26 13:44:39 INFO  compiling language-tutorials_4b176b44ab (75 scala sources and 293 java sources)
2025.04.26 13:44:43 INFO  time: compiled language-tutorials_4b176b44ab in 3.6s
Apr 26, 2025 1:47:53 PM org.eclipse.lsp4j.jsonrpc.services.GenericEndpoint notify
INFO: Unsupported notification method: $/setTrace
2025.05.01 19:25:28 INFO  Started: Metals version 1.5.2 in folders '/Users/yongjian.tek/Desktop/language-tutorials' for client Visual Studio Code 1.99.3.
2025.05.01 19:25:33 INFO  Attempting to connect to the build server...
2025.05.01 19:25:33 INFO  Running BSP server List(/Users/yongjian.tek/Library/Application Support/Coursier/bin/.scala-cli.aux, bsp, --json-options, /Users/yongjian.tek/Desktop/language-tutorials/.scala-build/ide-options-v2.json, --json-launcher-options, /Users/yongjian.tek/Desktop/language-tutorials/.scala-build/ide-launcher-options.json, --envs-file, /Users/yongjian.tek/Desktop/language-tutorials/.scala-build/ide-envs.json, /Users/yongjian.tek/Desktop/language-tutorials)
2025.05.01 19:25:33 INFO  tracing is disabled for protocol BSP, to enable tracing of incoming and outgoing JSON messages create an empty file at /Users/yongjian.tek/Desktop/language-tutorials/.metals/bsp.trace.json or /Users/yongjian.tek/Library/Caches/org.scalameta.metals/bsp.trace.json
2025.05.01 19:25:33 INFO  BSP server: Warning: Only java properties are supported in JAVA_OPTS and JDK_JAVA_OPTIONS environment variables. Other options are ignored: -Xmx3536m, -Xss4M
2025.05.01 19:25:36 INFO  BSP server: Checking https://github.com/coursier/jvm-index/raw/master/index.json
2025.05.01 19:25:36 INFO  BSP server: Checked https://github.com/coursier/jvm-index/raw/master/index.json
2025.05.01 19:25:36 INFO  BSP server: Downloading https://github.com/coursier/jvm-index/raw/master/index.json
2025.05.01 19:25:36 INFO  BSP server: Downloaded https://github.com/coursier/jvm-index/raw/master/index.json
2025.05.01 19:25:40 INFO  time: Connected to build server in 7s
2025.05.01 19:25:40 INFO  Connected to Build server: scala-cli v1.7.1
2025.05.01 19:25:41 INFO  compiling language-tutorials_4b176b44ab (75 scala sources and 293 java sources)
2025.05.01 19:25:44 INFO  time: indexed workspace in 4.38s
2025.05.01 19:25:52 INFO  time: compiled language-tutorials_4b176b44ab in 11s
2025.05.01 19:25:52 INFO  compiling language-tutorials_4b176b44ab (75 scala sources and 293 java sources)
2025.05.01 19:25:55 INFO  time: compiled language-tutorials_4b176b44ab in 2.92s
2025.05.02 11:21:34 INFO  Shutting down server
2025.05.02 11:21:34 INFO  shutting down Metals
2025.05.02 11:21:35 INFO  Shut down connection with build server.
2025.05.02 11:22:20 INFO  Started: Metals version 1.5.2 in folders '/Users/yongjian.tek/Desktop/language-tutorials' for client Visual Studio Code 1.99.3.
2025.05.02 11:22:29 INFO  Attempting to connect to the build server...
2025.05.02 11:22:29 INFO  Running BSP server List(/Users/yongjian.tek/Library/Application Support/Coursier/bin/.scala-cli.aux, bsp, --json-options, /Users/yongjian.tek/Desktop/language-tutorials/.scala-build/ide-options-v2.json, --json-launcher-options, /Users/yongjian.tek/Desktop/language-tutorials/.scala-build/ide-launcher-options.json, --envs-file, /Users/yongjian.tek/Desktop/language-tutorials/.scala-build/ide-envs.json, /Users/yongjian.tek/Desktop/language-tutorials)
2025.05.02 11:22:30 INFO  tracing is disabled for protocol BSP, to enable tracing of incoming and outgoing JSON messages create an empty file at /Users/yongjian.tek/Desktop/language-tutorials/.metals/bsp.trace.json or /Users/yongjian.tek/Library/Caches/org.scalameta.metals/bsp.trace.json
2025.05.02 11:22:30 INFO  BSP server: Warning: Only java properties are supported in JAVA_OPTS and JDK_JAVA_OPTIONS environment variables. Other options are ignored: -Xmx3536m, -Xss4M
2025.05.02 11:22:41 INFO  time: Connected to build server in 11s
2025.05.02 11:22:41 INFO  Connected to Build server: scala-cli v1.7.1
2025.05.02 11:22:41 INFO  time: Imported build in 0.14s
2025.05.02 11:22:42 INFO  compiling language-tutorials_4b176b44ab (75 scala sources and 293 java sources)
2025.05.02 11:22:50 INFO  time: indexed workspace in 9.03s
2025.05.02 11:22:51 INFO  time: compiled language-tutorials_4b176b44ab in 8.46s
2025.05.02 11:22:51 INFO  compiling language-tutorials_4b176b44ab (75 scala sources and 293 java sources)
2025.05.02 11:22:57 INFO  time: compiled language-tutorials_4b176b44ab in 5.7s
2025.05.05 09:10:49 INFO  Shutting down server
2025.05.05 09:10:49 INFO  shutting down Metals
2025.05.05 09:10:49 INFO  Shut down connection with build server.
2025.05.05 09:10:49 INFO  Exiting server
2025.05.05 09:13:49 INFO  Started: Metals version 1.5.2 in folders '/Users/yongjian.tek/Desktop/language-tutorials' for client Visual Studio Code 1.99.3.
2025.05.05 09:13:50 INFO  Attempting to connect to the build server...
2025.05.05 09:13:50 INFO  Running BSP server List(/Users/yongjian.tek/Library/Application Support/Coursier/bin/.scala-cli.aux, bsp, --json-options, /Users/yongjian.tek/Desktop/language-tutorials/.scala-build/ide-options-v2.json, --json-launcher-options, /Users/yongjian.tek/Desktop/language-tutorials/.scala-build/ide-launcher-options.json, --envs-file, /Users/yongjian.tek/Desktop/language-tutorials/.scala-build/ide-envs.json, /Users/yongjian.tek/Desktop/language-tutorials)
2025.05.05 09:13:51 INFO  tracing is disabled for protocol BSP, to enable tracing of incoming and outgoing JSON messages create an empty file at /Users/yongjian.tek/Desktop/language-tutorials/.metals/bsp.trace.json or /Users/yongjian.tek/Library/Caches/org.scalameta.metals/bsp.trace.json
2025.05.05 09:13:51 INFO  BSP server: Warning: Only java properties are supported in JAVA_OPTS and JDK_JAVA_OPTIONS environment variables. Other options are ignored: -Xmx3536m, -Xss4M
2025.05.05 09:13:57 INFO  BSP server: Checking https://github.com/coursier/jvm-index/raw/master/index.json
2025.05.05 09:13:57 INFO  BSP server: Checked https://github.com/coursier/jvm-index/raw/master/index.json
2025.05.05 09:13:57 INFO  BSP server: Downloading https://github.com/coursier/jvm-index/raw/master/index.json
2025.05.05 09:13:57 INFO  BSP server: Downloaded https://github.com/coursier/jvm-index/raw/master/index.json
2025.05.05 09:13:59 INFO  BSP server: Downloading https://oss.sonatype.org/content/repositories/snapshots/ch/epfl/scala/bloop-frontend_2.12/2.0.8/bloop-frontend_2.12-2.0.8.pom
2025.05.05 09:14:01 INFO  BSP server: Downloaded https://oss.sonatype.org/content/repositories/snapshots/ch/epfl/scala/bloop-frontend_2.12/2.0.8/bloop-frontend_2.12-2.0.8.pom
2025.05.05 09:14:01 INFO  BSP server: Downloading https://oss.sonatype.org/content/repositories/snapshots/ch/epfl/scala/bloop-frontend_2.12/2.0.8/bloop-frontend_2.12-2.0.8.pom.sha1
2025.05.05 09:14:01 INFO  BSP server: Downloaded https://oss.sonatype.org/content/repositories/snapshots/ch/epfl/scala/bloop-frontend_2.12/2.0.8/bloop-frontend_2.12-2.0.8.pom.sha1
2025.05.05 09:14:01 INFO  BSP server: Downloading https://s01.oss.sonatype.org/content/repositories/snapshots/ch/epfl/scala/bloop-frontend_2.12/2.0.8/bloop-frontend_2.12-2.0.8.pom
2025.05.05 09:14:03 INFO  BSP server: Downloaded https://s01.oss.sonatype.org/content/repositories/snapshots/ch/epfl/scala/bloop-frontend_2.12/2.0.8/bloop-frontend_2.12-2.0.8.pom
2025.05.05 09:14:03 INFO  BSP server: Downloading https://s01.oss.sonatype.org/content/repositories/snapshots/ch/epfl/scala/bloop-frontend_2.12/2.0.8/bloop-frontend_2.12-2.0.8.pom.sha1
2025.05.05 09:14:04 INFO  BSP server: Downloaded https://s01.oss.sonatype.org/content/repositories/snapshots/ch/epfl/scala/bloop-frontend_2.12/2.0.8/bloop-frontend_2.12-2.0.8.pom.sha1
2025.05.05 09:14:04 INFO  BSP server: Downloading https://repo1.maven.org/maven2/ch/epfl/scala/bloop-frontend_2.12/2.0.8/bloop-frontend_2.12-2.0.8.pom
2025.05.05 09:14:06 INFO  BSP server: Downloaded https://repo1.maven.org/maven2/ch/epfl/scala/bloop-frontend_2.12/2.0.8/bloop-frontend_2.12-2.0.8.pom
2025.05.05 09:14:06 INFO  BSP server: Downloading https://oss.sonatype.org/content/repositories/snapshots/ch/epfl/scala/bloop-shared_2.12/2.0.8/bloop-shared_2.12-2.0.8.pom
2025.05.05 09:14:06 INFO  BSP server: Downloading https://oss.sonatype.org/content/repositories/snapshots/ch/epfl/scala/scala-debug-adapter_2.12/4.2.2/scala-debug-adapter_2.12-4.2.2.pom
2025.05.05 09:14:06 INFO  BSP server: Downloading https://oss.sonatype.org/content/repositories/snapshots/ch/qos/logback/logback-classic/1.5.16/logback-classic-1.5.16.pom
2025.05.05 09:14:06 INFO  BSP server: Downloading https://oss.sonatype.org/content/repositories/snapshots/ch/epfl/scala/bloop-backend_2.12/2.0.8/bloop-backend_2.12-2.0.8.pom
2025.05.05 09:14:06 INFO  BSP server: Downloaded https://oss.sonatype.org/content/repositories/snapshots/ch/epfl/scala/bloop-shared_2.12/2.0.8/bloop-shared_2.12-2.0.8.pom
2025.05.05 09:14:06 INFO  BSP server: Downloading https://oss.sonatype.org/content/repositories/snapshots/ch/epfl/scala/bloop-shared_2.12/2.0.8/bloop-shared_2.12-2.0.8.pom.sha1
2025.05.05 09:14:06 INFO  BSP server: Downloaded https://oss.sonatype.org/content/repositories/snapshots/ch/epfl/scala/bloop-shared_2.12/2.0.8/bloop-shared_2.12-2.0.8.pom.sha1
2025.05.05 09:14:06 INFO  BSP server: Downloading https://s01.oss.sonatype.org/content/repositories/snapshots/ch/epfl/scala/bloop-shared_2.12/2.0.8/bloop-shared_2.12-2.0.8.pom
2025.05.05 09:14:06 INFO  BSP server: Downloaded https://oss.sonatype.org/content/repositories/snapshots/ch/epfl/scala/bloop-backend_2.12/2.0.8/bloop-backend_2.12-2.0.8.pom
2025.05.05 09:14:06 INFO  BSP server: Downloading https://oss.sonatype.org/content/repositories/snapshots/ch/epfl/scala/bloop-backend_2.12/2.0.8/bloop-backend_2.12-2.0.8.pom.sha1
2025.05.05 09:14:06 INFO  BSP server: Downloaded https://oss.sonatype.org/content/repositories/snapshots/ch/epfl/scala/scala-debug-adapter_2.12/4.2.2/scala-debug-adapter_2.12-4.2.2.pom
2025.05.05 09:14:06 INFO  BSP server: Downloading https://oss.sonatype.org/content/repositories/snapshots/ch/epfl/scala/scala-debug-adapter_2.12/4.2.2/scala-debug-adapter_2.12-4.2.2.pom.sha1
2025.05.05 09:14:06 INFO  BSP server: Downloaded https://oss.sonatype.org/content/repositories/snapshots/ch/qos/logback/logback-classic/1.5.16/logback-classic-1.5.16.pom
2025.05.05 09:14:06 INFO  BSP server: Downloading https://oss.sonatype.org/content/repositories/snapshots/ch/qos/logback/logback-classic/1.5.16/logback-classic-1.5.16.pom.sha1
2025.05.05 09:14:07 INFO  BSP server: Downloaded https://oss.sonatype.org/content/repositories/snapshots/ch/epfl/scala/bloop-backend_2.12/2.0.8/bloop-backend_2.12-2.0.8.pom.sha1
2025.05.05 09:14:07 INFO  BSP server: Downloading https://s01.oss.sonatype.org/content/repositories/snapshots/ch/epfl/scala/bloop-backend_2.12/2.0.8/bloop-backend_2.12-2.0.8.pom
2025.05.05 09:14:07 INFO  BSP server: Downloaded https://oss.sonatype.org/content/repositories/snapshots/ch/epfl/scala/scala-debug-adapter_2.12/4.2.2/scala-debug-adapter_2.12-4.2.2.pom.sha1
2025.05.05 09:14:07 INFO  BSP server: Downloading https://s01.oss.sonatype.org/content/repositories/snapshots/ch/epfl/scala/scala-debug-adapter_2.12/4.2.2/scala-debug-adapter_2.12-4.2.2.pom
2025.05.05 09:14:07 INFO  BSP server: Downloaded https://oss.sonatype.org/content/repositories/snapshots/ch/qos/logback/logback-classic/1.5.16/logback-classic-1.5.16.pom.sha1
2025.05.05 09:14:07 INFO  BSP server: Downloading https://s01.oss.sonatype.org/content/repositories/snapshots/ch/qos/logback/logback-classic/1.5.16/logback-classic-1.5.16.pom
2025.05.05 09:14:07 INFO  BSP server: Downloaded https://s01.oss.sonatype.org/content/repositories/snapshots/ch/epfl/scala/bloop-shared_2.12/2.0.8/bloop-shared_2.12-2.0.8.pom
2025.05.05 09:14:07 INFO  BSP server: Downloading https://s01.oss.sonatype.org/content/repositories/snapshots/ch/epfl/scala/bloop-shared_2.12/2.0.8/bloop-shared_2.12-2.0.8.pom.sha1
2025.05.05 09:14:08 INFO  BSP server: Downloaded https://s01.oss.sonatype.org/content/repositories/snapshots/ch/epfl/scala/bloop-shared_2.12/2.0.8/bloop-shared_2.12-2.0.8.pom.sha1
2025.05.05 09:14:08 INFO  BSP server: Downloading https://repo1.maven.org/maven2/ch/epfl/scala/bloop-shared_2.12/2.0.8/bloop-shared_2.12-2.0.8.pom
2025.05.05 09:14:08 INFO  BSP server: Downloaded https://s01.oss.sonatype.org/content/repositories/snapshots/ch/epfl/scala/bloop-backend_2.12/2.0.8/bloop-backend_2.12-2.0.8.pom
2025.05.05 09:14:08 INFO  BSP server: Downloading https://s01.oss.sonatype.org/content/repositories/snapshots/ch/epfl/scala/bloop-backend_2.12/2.0.8/bloop-backend_2.12-2.0.8.pom.sha1
2025.05.05 09:14:08 INFO  BSP server: Downloaded https://s01.oss.sonatype.org/content/repositories/snapshots/ch/qos/logback/logback-classic/1.5.16/logback-classic-1.5.16.pom
2025.05.05 09:14:08 INFO  BSP server: Downloading https://s01.oss.sonatype.org/content/repositories/snapshots/ch/qos/logback/logback-classic/1.5.16/logback-classic-1.5.16.pom.sha1
2025.05.05 09:14:08 INFO  BSP server: Downloaded https://s01.oss.sonatype.org/content/repositories/snapshots/ch/epfl/scala/scala-debug-adapter_2.12/4.2.2/scala-debug-adapter_2.12-4.2.2.pom
2025.05.05 09:14:08 INFO  BSP server: Downloading https://s01.oss.sonatype.org/content/repositories/snapshots/ch/epfl/scala/scala-debug-adapter_2.12/4.2.2/scala-debug-adapter_2.12-4.2.2.pom.sha1
2025.05.05 09:14:08 INFO  BSP server: Downloaded https://repo1.maven.org/maven2/ch/epfl/scala/bloop-shared_2.12/2.0.8/bloop-shared_2.12-2.0.8.pom
2025.05.05 09:14:08 INFO  BSP server: Downloaded https://s01.oss.sonatype.org/content/repositories/snapshots/ch/epfl/scala/bloop-backend_2.12/2.0.8/bloop-backend_2.12-2.0.8.pom.sha1
2025.05.05 09:14:08 INFO  BSP server: Downloading https://repo1.maven.org/maven2/ch/epfl/scala/bloop-backend_2.12/2.0.8/bloop-backend_2.12-2.0.8.pom
2025.05.05 09:14:08 INFO  BSP server: Downloaded https://s01.oss.sonatype.org/content/repositories/snapshots/ch/qos/logback/logback-classic/1.5.16/logback-classic-1.5.16.pom.sha1
2025.05.05 09:14:08 INFO  BSP server: Downloaded https://s01.oss.sonatype.org/content/repositories/snapshots/ch/epfl/scala/scala-debug-adapter_2.12/4.2.2/scala-debug-adapter_2.12-4.2.2.pom.sha1
2025.05.05 09:14:08 INFO  BSP server: Downloading https://repo1.maven.org/maven2/ch/epfl/scala/scala-debug-adapter_2.12/4.2.2/scala-debug-adapter_2.12-4.2.2.pom
2025.05.05 09:14:08 INFO  BSP server: Downloading https://repo1.maven.org/maven2/ch/qos/logback/logback-classic/1.5.16/logback-classic-1.5.16.pom
2025.05.05 09:14:09 INFO  BSP server: Downloaded https://repo1.maven.org/maven2/ch/epfl/scala/bloop-backend_2.12/2.0.8/bloop-backend_2.12-2.0.8.pom
2025.05.05 09:14:09 INFO  BSP server: Downloaded https://repo1.maven.org/maven2/ch/qos/logback/logback-classic/1.5.16/logback-classic-1.5.16.pom
2025.05.05 09:14:09 INFO  BSP server: Downloaded https://repo1.maven.org/maven2/ch/epfl/scala/scala-debug-adapter_2.12/4.2.2/scala-debug-adapter_2.12-4.2.2.pom
2025.05.05 09:14:09 INFO  BSP server: Downloading https://oss.sonatype.org/content/repositories/snapshots/ch/qos/logback/logback-parent/1.5.16/logback-parent-1.5.16.pom
2025.05.05 09:14:09 INFO  BSP server: Downloaded https://oss.sonatype.org/content/repositories/snapshots/ch/qos/logback/logback-parent/1.5.16/logback-parent-1.5.16.pom
2025.05.05 09:14:09 INFO  BSP server: Downloading https://oss.sonatype.org/content/repositories/snapshots/ch/qos/logback/logback-parent/1.5.16/logback-parent-1.5.16.pom.sha1
2025.05.05 09:14:10 INFO  BSP server: Downloaded https://oss.sonatype.org/content/repositories/snapshots/ch/qos/logback/logback-parent/1.5.16/logback-parent-1.5.16.pom.sha1
2025.05.05 09:14:10 INFO  BSP server: Downloading https://s01.oss.sonatype.org/content/repositories/snapshots/ch/qos/logback/logback-parent/1.5.16/logback-parent-1.5.16.pom
2025.05.05 09:14:10 INFO  BSP server: Downloaded https://s01.oss.sonatype.org/content/repositories/snapshots/ch/qos/logback/logback-parent/1.5.16/logback-parent-1.5.16.pom
2025.05.05 09:14:10 INFO  BSP server: Downloading https://s01.oss.sonatype.org/content/repositories/snapshots/ch/qos/logback/logback-parent/1.5.16/logback-parent-1.5.16.pom.sha1
2025.05.05 09:14:12 INFO  BSP server: Downloaded https://s01.oss.sonatype.org/content/repositories/snapshots/ch/qos/logback/logback-parent/1.5.16/logback-parent-1.5.16.pom.sha1
2025.05.05 09:14:12 INFO  BSP server: Downloading https://repo1.maven.org/maven2/ch/qos/logback/logback-parent/1.5.16/logback-parent-1.5.16.pom
2025.05.05 09:14:12 INFO  BSP server: Downloaded https://repo1.maven.org/maven2/ch/qos/logback/logback-parent/1.5.16/logback-parent-1.5.16.pom
2025.05.05 09:14:12 INFO  BSP server: Downloading https://oss.sonatype.org/content/repositories/snapshots/org/scalameta/parsers_2.12/4.12.6/parsers_2.12-4.12.6.pom
2025.05.05 09:14:12 INFO  BSP server: Downloading https://oss.sonatype.org/content/repositories/snapshots/net/java/dev/jna/jna/5.16.0/jna-5.16.0.pom
2025.05.05 09:14:12 INFO  BSP server: Downloading https://oss.sonatype.org/content/repositories/snapshots/ch/qos/logback/logback-core/1.5.16/logback-core-1.5.16.pom
2025.05.05 09:14:12 INFO  BSP server: Downloaded https://oss.sonatype.org/content/repositories/snapshots/org/scalameta/parsers_2.12/4.12.6/parsers_2.12-4.12.6.pom
2025.05.05 09:14:12 INFO  BSP server: Downloading https://oss.sonatype.org/content/repositories/snapshots/org/scalameta/parsers_2.12/4.12.6/parsers_2.12-4.12.6.pom.sha1
2025.05.05 09:14:12 INFO  BSP server: Downloaded https://oss.sonatype.org/content/repositories/snapshots/org/scalameta/parsers_2.12/4.12.6/parsers_2.12-4.12.6.pom.sha1
2025.05.05 09:14:12 INFO  BSP server: Downloading https://s01.oss.sonatype.org/content/repositories/snapshots/org/scalameta/parsers_2.12/4.12.6/parsers_2.12-4.12.6.pom
2025.05.05 09:14:13 INFO  BSP server: Downloaded https://oss.sonatype.org/content/repositories/snapshots/ch/qos/logback/logback-core/1.5.16/logback-core-1.5.16.pom
2025.05.05 09:14:13 INFO  BSP server: Downloading https://oss.sonatype.org/content/repositories/snapshots/ch/qos/logback/logback-core/1.5.16/logback-core-1.5.16.pom.sha1
2025.05.05 09:14:19 INFO  BSP server: Downloaded https://oss.sonatype.org/content/repositories/snapshots/net/java/dev/jna/jna/5.16.0/jna-5.16.0.pom
2025.05.05 09:14:19 INFO  BSP server: Downloading https://oss.sonatype.org/content/repositories/snapshots/net/java/dev/jna/jna/5.16.0/jna-5.16.0.pom.sha1
2025.05.05 09:14:19 INFO  BSP server: Downloaded https://oss.sonatype.org/content/repositories/snapshots/ch/qos/logback/logback-core/1.5.16/logback-core-1.5.16.pom.sha1
2025.05.05 09:14:19 INFO  BSP server: Downloading https://s01.oss.sonatype.org/content/repositories/snapshots/ch/qos/logback/logback-core/1.5.16/logback-core-1.5.16.pom
2025.05.05 09:14:19 INFO  BSP server: Downloaded https://oss.sonatype.org/content/repositories/snapshots/net/java/dev/jna/jna/5.16.0/jna-5.16.0.pom.sha1
2025.05.05 09:14:19 INFO  BSP server: Downloading https://s01.oss.sonatype.org/content/repositories/snapshots/net/java/dev/jna/jna/5.16.0/jna-5.16.0.pom
2025.05.05 09:14:19 INFO  BSP server: Downloaded https://s01.oss.sonatype.org/content/repositories/snapshots/org/scalameta/parsers_2.12/4.12.6/parsers_2.12-4.12.6.pom
2025.05.05 09:14:19 INFO  BSP server: Downloading https://s01.oss.sonatype.org/content/repositories/snapshots/org/scalameta/parsers_2.12/4.12.6/parsers_2.12-4.12.6.pom.sha1
2025.05.05 09:14:28 INFO  BSP server: Downloaded https://s01.oss.sonatype.org/content/repositories/snapshots/ch/qos/logback/logback-core/1.5.16/logback-core-1.5.16.pom
2025.05.05 09:14:28 INFO  BSP server: Downloading https://s01.oss.sonatype.org/content/repositories/snapshots/ch/qos/logback/logback-core/1.5.16/logback-core-1.5.16.pom.sha1
2025.05.05 09:14:28 INFO  BSP server: Downloaded https://s01.oss.sonatype.org/content/repositories/snapshots/net/java/dev/jna/jna/5.16.0/jna-5.16.0.pom
2025.05.05 09:14:28 INFO  BSP server: Downloading https://s01.oss.sonatype.org/content/repositories/snapshots/net/java/dev/jna/jna/5.16.0/jna-5.16.0.pom.sha1
2025.05.05 09:14:28 INFO  BSP server: Downloaded https://s01.oss.sonatype.org/content/repositories/snapshots/org/scalameta/parsers_2.12/4.12.6/parsers_2.12-4.12.6.pom.sha1
2025.05.05 09:14:28 INFO  BSP server: Downloading https://repo1.maven.org/maven2/org/scalameta/parsers_2.12/4.12.6/parsers_2.12-4.12.6.pom
2025.05.05 09:14:28 INFO  BSP server: Downloaded https://repo1.maven.org/maven2/org/scalameta/parsers_2.12/4.12.6/parsers_2.12-4.12.6.pom
2025.05.05 09:14:28 INFO  BSP server: Downloaded https://s01.oss.sonatype.org/content/repositories/snapshots/net/java/dev/jna/jna/5.16.0/jna-5.16.0.pom.sha1
2025.05.05 09:14:28 INFO  BSP server: Downloaded https://s01.oss.sonatype.org/content/repositories/snapshots/ch/qos/logback/logback-core/1.5.16/logback-core-1.5.16.pom.sha1
2025.05.05 09:14:28 INFO  BSP server: Downloading https://repo1.maven.org/maven2/net/java/dev/jna/jna/5.16.0/jna-5.16.0.pom
2025.05.05 09:14:28 INFO  BSP server: Downloading https://repo1.maven.org/maven2/ch/qos/logback/logback-core/1.5.16/logback-core-1.5.16.pom
2025.05.05 09:14:29 INFO  BSP server: Downloaded https://repo1.maven.org/maven2/net/java/dev/jna/jna/5.16.0/jna-5.16.0.pom
2025.05.05 09:14:29 INFO  BSP server: Downloaded https://repo1.maven.org/maven2/ch/qos/logback/logback-core/1.5.16/logback-core-1.5.16.pom
2025.05.05 09:14:29 INFO  BSP server: Downloading https://oss.sonatype.org/content/repositories/snapshots/org/scalameta/trees_2.12/4.12.6/trees_2.12-4.12.6.pom
2025.05.05 09:14:31 INFO  BSP server: Downloaded https://oss.sonatype.org/content/repositories/snapshots/org/scalameta/trees_2.12/4.12.6/trees_2.12-4.12.6.pom
2025.05.05 09:14:31 INFO  BSP server: Downloading https://oss.sonatype.org/content/repositories/snapshots/org/scalameta/trees_2.12/4.12.6/trees_2.12-4.12.6.pom.sha1
2025.05.05 09:14:31 INFO  BSP server: Downloaded https://oss.sonatype.org/content/repositories/snapshots/org/scalameta/trees_2.12/4.12.6/trees_2.12-4.12.6.pom.sha1
2025.05.05 09:14:31 INFO  BSP server: Downloading https://s01.oss.sonatype.org/content/repositories/snapshots/org/scalameta/trees_2.12/4.12.6/trees_2.12-4.12.6.pom
2025.05.05 09:14:32 INFO  BSP server: Downloaded https://s01.oss.sonatype.org/content/repositories/snapshots/org/scalameta/trees_2.12/4.12.6/trees_2.12-4.12.6.pom
2025.05.05 09:14:32 INFO  BSP server: Downloading https://s01.oss.sonatype.org/content/repositories/snapshots/org/scalameta/trees_2.12/4.12.6/trees_2.12-4.12.6.pom.sha1
2025.05.05 09:14:32 INFO  BSP server: Downloaded https://s01.oss.sonatype.org/content/repositories/snapshots/org/scalameta/trees_2.12/4.12.6/trees_2.12-4.12.6.pom.sha1
2025.05.05 09:14:32 INFO  BSP server: Downloading https://repo1.maven.org/maven2/org/scalameta/trees_2.12/4.12.6/trees_2.12-4.12.6.pom
2025.05.05 09:14:33 INFO  BSP server: Downloaded https://repo1.maven.org/maven2/org/scalameta/trees_2.12/4.12.6/trees_2.12-4.12.6.pom
2025.05.05 09:14:33 INFO  BSP server: Downloading https://oss.sonatype.org/content/repositories/snapshots/org/scala-sbt/util-position_2.12/1.10.6/util-position_2.12-1.10.6.pom
2025.05.05 09:14:33 INFO  BSP server: Downloading https://oss.sonatype.org/content/repositories/snapshots/org/scala-sbt/util-cache_2.12/1.10.6/util-cache_2.12-1.10.6.pom
2025.05.05 09:14:33 INFO  BSP server: Downloading https://oss.sonatype.org/content/repositories/snapshots/org/scalameta/common_2.12/4.12.6/common_2.12-4.12.6.pom
2025.05.05 09:14:33 INFO  BSP server: Downloaded https://oss.sonatype.org/content/repositories/snapshots/org/scala-sbt/util-position_2.12/1.10.6/util-position_2.12-1.10.6.pom
2025.05.05 09:14:33 INFO  BSP server: Downloading https://oss.sonatype.org/content/repositories/snapshots/org/scala-sbt/util-position_2.12/1.10.6/util-position_2.12-1.10.6.pom.sha1
2025.05.05 09:14:33 INFO  BSP server: Downloaded https://oss.sonatype.org/content/repositories/snapshots/org/scala-sbt/util-position_2.12/1.10.6/util-position_2.12-1.10.6.pom.sha1
2025.05.05 09:14:33 INFO  BSP server: Downloading https://s01.oss.sonatype.org/content/repositories/snapshots/org/scala-sbt/util-position_2.12/1.10.6/util-position_2.12-1.10.6.pom
2025.05.05 09:14:33 INFO  BSP server: Downloaded https://oss.sonatype.org/content/repositories/snapshots/org/scala-sbt/util-cache_2.12/1.10.6/util-cache_2.12-1.10.6.pom
2025.05.05 09:14:33 INFO  BSP server: Downloading https://oss.sonatype.org/content/repositories/snapshots/org/scala-sbt/util-cache_2.12/1.10.6/util-cache_2.12-1.10.6.pom.sha1
2025.05.05 09:14:33 INFO  BSP server: Downloaded https://oss.sonatype.org/content/repositories/snapshots/org/scalameta/common_2.12/4.12.6/common_2.12-4.12.6.pom
2025.05.05 09:14:33 INFO  BSP server: Downloading https://oss.sonatype.org/content/repositories/snapshots/org/scalameta/common_2.12/4.12.6/common_2.12-4.12.6.pom.sha1
2025.05.05 09:14:34 INFO  BSP server: Downloaded https://oss.sonatype.org/content/repositories/snapshots/org/scala-sbt/util-cache_2.12/1.10.6/util-cache_2.12-1.10.6.pom.sha1
2025.05.05 09:14:34 INFO  BSP server: Downloading https://s01.oss.sonatype.org/content/repositories/snapshots/org/scala-sbt/util-cache_2.12/1.10.6/util-cache_2.12-1.10.6.pom
2025.05.05 09:14:34 INFO  BSP server: Downloaded https://oss.sonatype.org/content/repositories/snapshots/org/scalameta/common_2.12/4.12.6/common_2.12-4.12.6.pom.sha1
2025.05.05 09:14:34 INFO  BSP server: Downloading https://s01.oss.sonatype.org/content/repositories/snapshots/org/scalameta/common_2.12/4.12.6/common_2.12-4.12.6.pom
2025.05.05 09:14:34 INFO  BSP server: Downloaded https://s01.oss.sonatype.org/content/repositories/snapshots/org/scala-sbt/util-position_2.12/1.10.6/util-position_2.12-1.10.6.pom
2025.05.05 09:14:34 INFO  BSP server: Downloading https://s01.oss.sonatype.org/content/repositories/snapshots/org/scala-sbt/util-position_2.12/1.10.6/util-position_2.12-1.10.6.pom.sha1
2025.05.05 09:14:34 INFO  BSP server: Downloaded https://s01.oss.sonatype.org/content/repositories/snapshots/org/scala-sbt/util-cache_2.12/1.10.6/util-cache_2.12-1.10.6.pom
2025.05.05 09:14:34 INFO  BSP server: Downloading https://s01.oss.sonatype.org/content/repositories/snapshots/org/scala-sbt/util-cache_2.12/1.10.6/util-cache_2.12-1.10.6.pom.sha1
2025.05.05 09:14:34 INFO  BSP server: Downloaded https://s01.oss.sonatype.org/content/repositories/snapshots/org/scalameta/common_2.12/4.12.6/common_2.12-4.12.6.pom
2025.05.05 09:14:34 INFO  BSP server: Downloading https://s01.oss.sonatype.org/content/repositories/snapshots/org/scalameta/common_2.12/4.12.6/common_2.12-4.12.6.pom.sha1
2025.05.05 09:14:35 INFO  BSP server: Downloaded https://s01.oss.sonatype.org/content/repositories/snapshots/org/scala-sbt/util-position_2.12/1.10.6/util-position_2.12-1.10.6.pom.sha1
2025.05.05 09:14:35 INFO  BSP server: Downloading https://repo1.maven.org/maven2/org/scala-sbt/util-position_2.12/1.10.6/util-position_2.12-1.10.6.pom
2025.05.05 09:14:35 INFO  BSP server: Downloaded https://repo1.maven.org/maven2/org/scala-sbt/util-position_2.12/1.10.6/util-position_2.12-1.10.6.pom
2025.05.05 09:14:35 INFO  BSP server: Downloaded https://s01.oss.sonatype.org/content/repositories/snapshots/org/scala-sbt/util-cache_2.12/1.10.6/util-cache_2.12-1.10.6.pom.sha1
2025.05.05 09:14:35 INFO  BSP server: Downloading https://repo1.maven.org/maven2/org/scala-sbt/util-cache_2.12/1.10.6/util-cache_2.12-1.10.6.pom
2025.05.05 09:14:35 INFO  BSP server: Downloaded https://s01.oss.sonatype.org/content/repositories/snapshots/org/scalameta/common_2.12/4.12.6/common_2.12-4.12.6.pom.sha1
2025.05.05 09:14:35 INFO  BSP server: Downloading https://repo1.maven.org/maven2/org/scalameta/common_2.12/4.12.6/common_2.12-4.12.6.pom
2025.05.05 09:14:35 INFO  BSP server: Downloaded https://repo1.maven.org/maven2/org/scala-sbt/util-cache_2.12/1.10.6/util-cache_2.12-1.10.6.pom
2025.05.05 09:14:37 INFO  BSP server: Downloaded https://repo1.maven.org/maven2/org/scalameta/common_2.12/4.12.6/common_2.12-4.12.6.pom
2025.05.05 09:14:37 INFO  BSP server: Downloading https://repo1.maven.org/maven2/org/scalameta/trees_2.12/4.12.6/trees_2.12-4.12.6.jar
2025.05.05 09:14:37 INFO  BSP server: Downloading https://repo1.maven.org/maven2/org/scalameta/common_2.12/4.12.6/common_2.12-4.12.6.jar
2025.05.05 09:14:37 INFO  BSP server: Downloading https://repo1.maven.org/maven2/ch/qos/logback/logback-core/1.5.16/logback-core-1.5.16.jar
2025.05.05 09:14:37 INFO  BSP server: Downloading https://repo1.maven.org/maven2/ch/epfl/scala/scala-debug-adapter_2.12/4.2.2/scala-debug-adapter_2.12-4.2.2.jar
2025.05.05 09:14:37 INFO  BSP server: Downloading https://repo1.maven.org/maven2/ch/epfl/scala/bloop-shared_2.12/2.0.8/bloop-shared_2.12-2.0.8.jar
2025.05.05 09:14:37 INFO  BSP server: Downloading https://repo1.maven.org/maven2/net/java/dev/jna/jna/5.16.0/jna-5.16.0.jar
2025.05.05 09:14:38 INFO  BSP server: Downloaded https://repo1.maven.org/maven2/ch/epfl/scala/bloop-shared_2.12/2.0.8/bloop-shared_2.12-2.0.8.jar
2025.05.05 09:14:38 INFO  BSP server: Downloading https://repo1.maven.org/maven2/org/scalameta/parsers_2.12/4.12.6/parsers_2.12-4.12.6.jar
2025.05.05 09:14:38 INFO  BSP server: Downloaded https://repo1.maven.org/maven2/org/scalameta/common_2.12/4.12.6/common_2.12-4.12.6.jar
2025.05.05 09:14:38 INFO  BSP server: Downloading https://repo1.maven.org/maven2/ch/epfl/scala/bloop-backend_2.12/2.0.8/bloop-backend_2.12-2.0.8.jar
2025.05.05 09:14:38 INFO  BSP server: Downloaded https://repo1.maven.org/maven2/ch/qos/logback/logback-core/1.5.16/logback-core-1.5.16.jar
2025.05.05 09:14:38 INFO  BSP server: Downloading https://repo1.maven.org/maven2/ch/qos/logback/logback-classic/1.5.16/logback-classic-1.5.16.jar
2025.05.05 09:14:39 INFO  BSP server: Downloaded https://repo1.maven.org/maven2/ch/epfl/scala/scala-debug-adapter_2.12/4.2.2/scala-debug-adapter_2.12-4.2.2.jar
2025.05.05 09:14:39 INFO  BSP server: Downloading https://repo1.maven.org/maven2/ch/epfl/scala/bloop-frontend_2.12/2.0.8/bloop-frontend_2.12-2.0.8.jar
2025.05.05 09:14:39 INFO  BSP server: Downloaded https://repo1.maven.org/maven2/org/scalameta/parsers_2.12/4.12.6/parsers_2.12-4.12.6.jar
2025.05.05 09:14:39 INFO  BSP server: Downloading https://repo1.maven.org/maven2/org/scala-sbt/util-cache_2.12/1.10.6/util-cache_2.12-1.10.6.jar
2025.05.05 09:14:39 INFO  BSP server: Downloaded https://repo1.maven.org/maven2/ch/qos/logback/logback-classic/1.5.16/logback-classic-1.5.16.jar
2025.05.05 09:14:39 INFO  BSP server: Downloaded https://repo1.maven.org/maven2/ch/epfl/scala/bloop-backend_2.12/2.0.8/bloop-backend_2.12-2.0.8.jar
2025.05.05 09:14:39 INFO  BSP server: Downloaded https://repo1.maven.org/maven2/org/scala-sbt/util-cache_2.12/1.10.6/util-cache_2.12-1.10.6.jar
2025.05.05 09:14:39 INFO  BSP server: Downloaded https://repo1.maven.org/maven2/net/java/dev/jna/jna/5.16.0/jna-5.16.0.jar
2025.05.05 09:14:41 INFO  BSP server: Downloaded https://repo1.maven.org/maven2/ch/epfl/scala/bloop-frontend_2.12/2.0.8/bloop-frontend_2.12-2.0.8.jar
2025.05.05 09:14:43 INFO  BSP server: Downloaded https://repo1.maven.org/maven2/org/scalameta/trees_2.12/4.12.6/trees_2.12-4.12.6.jar
2025.05.05 09:14:43 INFO  BSP server: Starting compilation server
2025.05.05 09:14:47 INFO  time: Connected to build server in 56s
2025.05.05 09:14:47 INFO  Connected to Build server: scala-cli v1.7.1
2025.05.05 09:14:48 INFO  compiling language-tutorials_4b176b44ab (75 scala sources and 293 java sources)
2025.05.05 09:14:52 INFO  time: indexed workspace in 4.75s
2025.05.05 09:14:56 INFO  time: compiled language-tutorials_4b176b44ab in 8.04s
2025.05.05 09:14:56 INFO  compiling language-tutorials_4b176b44ab (75 scala sources and 293 java sources)
2025.05.05 09:15:00 INFO  time: compiled language-tutorials_4b176b44ab in 4.18s
2025.05.05 11:24:59 INFO  BSP server: [E] Caught java.lang.InterruptedException
2025.05.05 11:24:59 INFO  BSP server: Bloop 'bsp' command exited with code 1. Something may be wrong with the current configuration.
2025.05.05 11:24:59 INFO  BSP server: Running the clean sub-command to clear the working directory and remove caches might help.
2025.05.05 11:24:59 INFO  BSP server: If the error persists, please report the issue as a bug and attach a log with increased verbosity by passing -v -v -v.
May 06, 2025 3:52:02 PM org.eclipse.lsp4j.jsonrpc.services.GenericEndpoint notify
INFO: Unsupported notification method: $/setTrace
2025.05.07 18:48:57 INFO  Shutting down server
2025.05.07 18:48:57 INFO  shutting down Metals
2025.05.07 18:48:57 INFO  Shut down connection with build server.
2025.05.07 18:48:57 INFO  Exiting server
2025.05.07 20:53:38 INFO  Started: Metals version 1.5.2 in folders '/Users/yongjian.tek/Desktop/language-tutorials' for client Visual Studio Code 1.99.3.
2025.05.07 20:53:39 INFO  Attempting to connect to the build server...
2025.05.07 20:53:39 INFO  Running BSP server List(/Users/yongjian.tek/Library/Application Support/Coursier/bin/.scala-cli.aux, bsp, --json-options, /Users/yongjian.tek/Desktop/language-tutorials/.scala-build/ide-options-v2.json, --json-launcher-options, /Users/yongjian.tek/Desktop/language-tutorials/.scala-build/ide-launcher-options.json, --envs-file, /Users/yongjian.tek/Desktop/language-tutorials/.scala-build/ide-envs.json, /Users/yongjian.tek/Desktop/language-tutorials)
2025.05.07 20:53:39 INFO  tracing is disabled for protocol BSP, to enable tracing of incoming and outgoing JSON messages create an empty file at /Users/yongjian.tek/Desktop/language-tutorials/.metals/bsp.trace.json or /Users/yongjian.tek/Library/Caches/org.scalameta.metals/bsp.trace.json
2025.05.07 20:53:40 INFO  BSP server: Warning: Only java properties are supported in JAVA_OPTS and JDK_JAVA_OPTIONS environment variables. Other options are ignored: -Xmx3536m, -Xss4M
2025.05.07 20:53:45 INFO  BSP server: Checking https://github.com/coursier/jvm-index/raw/master/index.json
2025.05.07 20:53:45 INFO  BSP server: Checked https://github.com/coursier/jvm-index/raw/master/index.json
2025.05.07 20:53:45 INFO  BSP server: Downloading https://github.com/coursier/jvm-index/raw/master/index.json
2025.05.07 20:53:45 INFO  BSP server: Downloaded https://github.com/coursier/jvm-index/raw/master/index.json
2025.05.07 20:53:51 INFO  time: Connected to build server in 12s
2025.05.07 20:53:51 INFO  Connected to Build server: scala-cli v1.7.1
2025.05.07 20:53:52 INFO  compiling language-tutorials_4b176b44ab (75 scala sources and 293 java sources)
2025.05.07 20:53:57 INFO  time: indexed workspace in 5.87s
2025.05.07 20:54:04 INFO  time: compiled language-tutorials_4b176b44ab in 11s
2025.05.07 20:54:04 INFO  compiling language-tutorials_4b176b44ab (75 scala sources and 293 java sources)
2025.05.07 20:54:10 INFO  time: compiled language-tutorials_4b176b44ab in 5.94s
2025.05.08 20:24:40 INFO  Started: Metals version 1.5.2 in folders '/Users/yongjian.tek/Desktop/language-tutorials' for client Visual Studio Code 1.99.3.
2025.05.08 20:24:45 INFO  Attempting to connect to the build server...
2025.05.08 20:24:45 INFO  Running BSP server List(/Users/yongjian.tek/Library/Application Support/Coursier/bin/.scala-cli.aux, bsp, --json-options, /Users/yongjian.tek/Desktop/language-tutorials/.scala-build/ide-options-v2.json, --json-launcher-options, /Users/yongjian.tek/Desktop/language-tutorials/.scala-build/ide-launcher-options.json, --envs-file, /Users/yongjian.tek/Desktop/language-tutorials/.scala-build/ide-envs.json, /Users/yongjian.tek/Desktop/language-tutorials)
2025.05.08 20:24:45 INFO  tracing is disabled for protocol BSP, to enable tracing of incoming and outgoing JSON messages create an empty file at /Users/yongjian.tek/Desktop/language-tutorials/.metals/bsp.trace.json or /Users/yongjian.tek/Library/Caches/org.scalameta.metals/bsp.trace.json
2025.05.08 20:24:45 INFO  BSP server: Warning: Only java properties are supported in JAVA_OPTS and JDK_JAVA_OPTIONS environment variables. Other options are ignored: -Xmx3536m, -Xss4M
2025.05.08 20:24:48 INFO  BSP server: Starting compilation server
2025.05.08 20:24:54 INFO  time: Connected to build server in 9.41s
2025.05.08 20:24:54 INFO  Connected to Build server: scala-cli v1.7.1
2025.05.08 20:24:56 INFO  compiling language-tutorials_4b176b44ab (75 scala sources and 293 java sources)
2025.05.08 20:25:04 INFO  time: compiled language-tutorials_4b176b44ab in 8.82s
2025.05.08 20:25:04 INFO  compiling language-tutorials_4b176b44ab (75 scala sources and 293 java sources)
2025.05.08 20:25:06 ERROR org.h2.jdbc.JdbcSQLNonTransientConnectionException: Error opening database: "Concurrent update" [8000-232]
	at org.h2.message.DbException.getJdbcSQLException(DbException.java:516)
	at org.h2.message.DbException.getJdbcSQLException(DbException.java:489)
	at org.h2.message.DbException.get(DbException.java:212)
	at org.h2.store.FileLock.getExceptionFatal(FileLock.java:429)
	at org.h2.store.FileLock.lockFile(FileLock.java:337)
	at org.h2.store.FileLock.lock(FileLock.java:110)
	at org.h2.engine.Database.<init>(Database.java:317)
	at org.h2.engine.Engine.openSession(Engine.java:92)
	at org.h2.engine.Engine.openSession(Engine.java:222)
	at org.h2.engine.Engine.createSession(Engine.java:201)
	at org.h2.engine.SessionRemote.connectEmbeddedOrServer(SessionRemote.java:344)
	at org.h2.jdbc.JdbcConnection.<init>(JdbcConnection.java:124)
	at org.h2.Driver.connect(Driver.java:59)
	at java.sql.DriverManager.getConnection(DriverManager.java:681)
	at java.sql.DriverManager.getConnection(DriverManager.java:229)
	at scala.meta.internal.metals.H2ConnectionProvider.upgradeIfNeeded(H2ConnectionProvider.scala:132)
	at scala.meta.internal.metals.H2ConnectionProvider.persistentConnection(H2ConnectionProvider.scala:108)
	at scala.meta.internal.metals.H2ConnectionProvider.tryAutoServer(H2ConnectionProvider.scala:62)
	at scala.meta.internal.metals.H2ConnectionProvider.connect(H2ConnectionProvider.scala:44)
	at scala.meta.internal.metals.SqlSharedIndices.$anonfun$jvmTypeHierarchy$1(SqlSharedIndices.scala:24)
	at scala.meta.internal.metals.JarTypeHierarchy.getTypeHierarchy(JarTopLevels.scala:182)
	at scala.meta.internal.metals.Indexer.indexJdkSources(Indexer.scala:425)
	at scala.meta.internal.metals.Indexer.$anonfun$indexWorkspace$20(Indexer.scala:194)
	at scala.runtime.java8.JFunction0$mcV$sp.apply(JFunction0$mcV$sp.scala:18)
	at scala.meta.internal.metals.TimerProvider.timedThunk(TimerProvider.scala:25)
	at scala.meta.internal.metals.Indexer.$anonfun$indexWorkspace$19(Indexer.scala:191)
	at scala.meta.internal.metals.Indexer.$anonfun$indexWorkspace$19$adapted(Indexer.scala:187)
	at scala.collection.immutable.List.foreach(List.scala:334)
	at scala.meta.internal.metals.Indexer.indexWorkspace(Indexer.scala:187)
	at scala.meta.internal.metals.Indexer.$anonfun$profiledIndexWorkspace$2(Indexer.scala:57)
	at scala.runtime.java8.JFunction0$mcV$sp.apply(JFunction0$mcV$sp.scala:18)
	at scala.meta.internal.metals.TimerProvider.timedThunk(TimerProvider.scala:25)
	at scala.meta.internal.metals.Indexer.$anonfun$profiledIndexWorkspace$1(Indexer.scala:57)
	at scala.runtime.java8.JFunction0$mcV$sp.apply(JFunction0$mcV$sp.scala:18)
	at scala.concurrent.Future$.$anonfun$apply$1(Future.scala:687)
	at scala.concurrent.impl.Promise$Transformation.run(Promise.scala:467)
	at java.util.concurrent.ThreadPoolExecutor.runWorker(ThreadPoolExecutor.java:1136)
	at java.util.concurrent.ThreadPoolExecutor$Worker.run(ThreadPoolExecutor.java:635)
	at java.lang.Thread.run(Thread.java:840)

2025.05.08 20:25:06 INFO  time: indexed workspace in 12s
2025.05.08 20:25:09 INFO  time: compiled language-tutorials_4b176b44ab in 4.11s
2025.05.10 12:49:20 INFO  Started: Metals version 1.5.2 in folders '/Users/yongjian.tek/Desktop/language-tutorials' for client Visual Studio Code 1.99.3.
2025.05.10 12:49:25 INFO  Attempting to connect to the build server...
2025.05.10 12:49:25 INFO  Running BSP server List(/Users/yongjian.tek/Library/Application Support/Coursier/bin/.scala-cli.aux, bsp, --json-options, /Users/yongjian.tek/Desktop/language-tutorials/.scala-build/ide-options-v2.json, --json-launcher-options, /Users/yongjian.tek/Desktop/language-tutorials/.scala-build/ide-launcher-options.json, --envs-file, /Users/yongjian.tek/Desktop/language-tutorials/.scala-build/ide-envs.json, /Users/yongjian.tek/Desktop/language-tutorials)
2025.05.10 12:49:25 INFO  tracing is disabled for protocol BSP, to enable tracing of incoming and outgoing JSON messages create an empty file at /Users/yongjian.tek/Desktop/language-tutorials/.metals/bsp.trace.json or /Users/yongjian.tek/Library/Caches/org.scalameta.metals/bsp.trace.json
2025.05.10 12:49:25 INFO  BSP server: Warning: Only java properties are supported in JAVA_OPTS and JDK_JAVA_OPTIONS environment variables. Other options are ignored: -Xmx3536m, -Xss4M
2025.05.10 12:49:29 INFO  BSP server: Checking https://github.com/coursier/jvm-index/raw/master/index.json
2025.05.10 12:49:29 INFO  BSP server: Checked https://github.com/coursier/jvm-index/raw/master/index.json
2025.05.10 12:49:29 INFO  BSP server: Downloading https://github.com/coursier/jvm-index/raw/master/index.json
2025.05.10 12:49:31 INFO  BSP server: Downloaded https://github.com/coursier/jvm-index/raw/master/index.json
2025.05.10 12:49:34 INFO  time: Connected to build server in 8.86s
2025.05.10 12:49:34 INFO  Connected to Build server: scala-cli v1.7.1
2025.05.10 12:49:35 INFO  compiling language-tutorials_4b176b44ab (75 scala sources and 293 java sources)
2025.05.10 12:49:38 INFO  time: indexed workspace in 4.55s
2025.05.10 12:49:45 INFO  time: compiled language-tutorials_4b176b44ab in 10s
2025.05.10 12:49:45 INFO  compiling language-tutorials_4b176b44ab (75 scala sources and 293 java sources)
2025.05.10 12:49:49 INFO  time: compiled language-tutorials_4b176b44ab in 3.52s
2025.05.14 10:38:22 INFO  Shutting down server
2025.05.14 10:38:22 INFO  shutting down Metals
2025.05.14 10:38:23 INFO  Shut down connection with build server.
2025.05.14 10:38:22 INFO  Exiting server
2025.05.14 10:39:59 INFO  Started: Metals version 1.5.3 in folders '/Users/yongjian.tek/Desktop/language-tutorials' for client Visual Studio Code 1.100.0.
2025.05.14 10:40:00 INFO  Attempting to connect to the build server...
2025.05.14 10:40:00 INFO  Running BSP server List(/Users/yongjian.tek/Library/Application Support/Coursier/bin/.scala-cli.aux, bsp, --json-options, /Users/yongjian.tek/Desktop/language-tutorials/.scala-build/ide-options-v2.json, --json-launcher-options, /Users/yongjian.tek/Desktop/language-tutorials/.scala-build/ide-launcher-options.json, --envs-file, /Users/yongjian.tek/Desktop/language-tutorials/.scala-build/ide-envs.json, /Users/yongjian.tek/Desktop/language-tutorials)
2025.05.14 10:40:01 INFO  tracing is disabled for protocol BSP, to enable tracing of incoming and outgoing JSON messages create an empty file at /Users/yongjian.tek/Desktop/language-tutorials/.metals/bsp.trace.json or /Users/yongjian.tek/Library/Caches/org.scalameta.metals/bsp.trace.json
2025.05.14 10:40:01 INFO  BSP server: Warning: Only java properties are supported in JAVA_OPTS and JDK_JAVA_OPTIONS environment variables. Other options are ignored: -Xmx3536m, -Xss4M
2025.05.14 10:40:03 INFO  BSP server: Checking https://github.com/coursier/jvm-index/raw/master/index.json
2025.05.14 10:40:03 INFO  BSP server: Checked https://github.com/coursier/jvm-index/raw/master/index.json
2025.05.14 10:40:03 INFO  BSP server: Downloading https://github.com/coursier/jvm-index/raw/master/index.json
2025.05.14 10:40:03 INFO  BSP server: Downloaded https://github.com/coursier/jvm-index/raw/master/index.json
2025.05.14 10:40:07 INFO  time: Connected to build server in 6.53s
2025.05.14 10:40:07 INFO  Connected to Build server: scala-cli v1.7.1
2025.05.14 10:40:07 INFO  time: Imported build in 0.19s
2025.05.14 10:40:08 INFO  compiling language-tutorials_4b176b44ab (75 scala sources and 293 java sources)
2025.05.14 10:40:11 INFO  time: indexed workspace in 4.22s
2025.05.14 10:40:12 INFO  time: compiled language-tutorials_4b176b44ab in 4.19s
2025.05.14 10:40:12 INFO  compiling language-tutorials_4b176b44ab (75 scala sources and 293 java sources)
2025.05.14 10:40:16 INFO  time: compiled language-tutorials_4b176b44ab in 3.74s
2025.05.15 09:25:14 INFO  Shutting down server
2025.05.15 09:25:14 INFO  shutting down Metals
2025.05.15 09:25:16 INFO  Shut down connection with build server.
2025.05.15 09:25:16 INFO  Exiting server
2025.05.15 09:46:25 INFO  Started: Metals version 1.5.3 in folders '/Users/yongjian.tek/Desktop/language-tutorials' for client Visual Studio Code 1.100.1.
2025.05.15 09:46:25 INFO  time: initialize in 0.35s
2025.05.15 09:46:35 INFO  Attempting to connect to the build server...
2025.05.15 09:46:35 INFO  Running BSP server List(/Users/yongjian.tek/Library/Application Support/Coursier/bin/.scala-cli.aux, bsp, --json-options, /Users/yongjian.tek/Desktop/language-tutorials/.scala-build/ide-options-v2.json, --json-launcher-options, /Users/yongjian.tek/Desktop/language-tutorials/.scala-build/ide-launcher-options.json, --envs-file, /Users/yongjian.tek/Desktop/language-tutorials/.scala-build/ide-envs.json, /Users/yongjian.tek/Desktop/language-tutorials)
2025.05.15 09:46:36 INFO  tracing is disabled for protocol BSP, to enable tracing of incoming and outgoing JSON messages create an empty file at /Users/yongjian.tek/Desktop/language-tutorials/.metals/bsp.trace.json or /Users/yongjian.tek/Library/Caches/org.scalameta.metals/bsp.trace.json
2025.05.15 09:48:02 INFO  time: Connected to build server in 42s
2025.05.15 09:48:02 INFO  Connected to Build server: scala-cli v1.7.1
2025.05.15 09:48:02 INFO  time: Imported build in 0.15s
2025.05.15 09:48:15 INFO  compiling language-tutorials_4b176b44ab (75 scala sources and 293 java sources)
2025.05.15 09:48:17 INFO  time: indexed workspace in 14s
2025.05.15 09:48:32 INFO  time: compiled language-tutorials_4b176b44ab in 16s
2025.05.15 09:48:32 INFO  compiling language-tutorials_4b176b44ab (75 scala sources and 293 java sources)
2025.05.15 09:48:41 INFO  time: compiled language-tutorials_4b176b44ab in 8.9s
May 15, 2025 10:07:50 PM org.eclipse.lsp4j.jsonrpc.services.GenericEndpoint notify
INFO: Unsupported notification method: $/setTrace
